x0,x1,x2,x3,x4,y
-0.25588,0.511432,-0.226096,-0.315068,-0.930018,1
-0.213302,-0.276164,-0.012912,-0.347967,0.154108,1
-1.666063,0.855251,0.506385,0.498818,-1.691365,0
-1.743888,-2.178733,1.65345,1.893391,0.570558,0
0.308703,0.394154,-0.661137,1.71753,0.556609,0
1.197005,-0.876106,0.905237,0.323644,0.134747,1
-0.447355,-0.956912,-0.52059,1.220921,-0.807946,0
0.244759,-0.235672,-0.710029,-1.089505,-0.55017,1
-0.106139,-0.81726,0.49739,-0.06228,-1.464657,1
0.827846,-0.282151,0.019598,-0.836018,-1.481136,1
0.615443,-0.611759,-0.452702,-1.264788,-0.967614,1
-0.531121,1.065908,-0.386165,-0.181719,-0.303568,0
-1.899943,-2.518235,0.357397,-0.736262,-1.119787,1
0.977371,-0.589115,0.144588,0.258436,0.233962,1
0.51865,0.547738,-1.568311,1.281734,0.955102,0
0.529624,1.375032,-1.237295,0.530366,-0.609376,0
-1.311189,1.610106,0.551964,-0.150139,0.324867,0
0.649831,-1.327815,0.125829,-0.007246,0.090286,1
-0.880464,0.946455,1.465498,-0.444826,-1.379993,1
-0.134748,2.021609,0.713406,0.381392,-2.001412,1
-0.787039,0.631521,1.12869,0.859002,0.345225,0
0.142356,0.477322,0.776761,0.020433,0.007007,0
0.763982,0.565878,2.010632,0.324943,-0.427593,1
-0.372551,-0.54666,0.778967,1.393306,1.356029,0
-1.123909,0.243897,0.398335,0.238573,-0.431151,0
0.655146,0.11418,0.183565,1.168151,-0.371574,0
-0.225595,-0.062742,-2.728085,-0.486899,1.00857,1
-1.168562,-0.404652,0.449223,0.169465,-1.221634,0
-0.34095,0.62329,1.091788,-2.68283,1.088679,1
-1.447543,-0.0456,-0.715681,-0.931668,-0.103679,1
0.797124,0.141377,-0.088481,1.533256,1.048471,1
-0.293815,2.483394,-0.187002,-0.46552,0.530471,0
0.222222,0.638645,-1.527325,-1.509511,0.614943,1
-0.963158,0.129177,-0.400614,-1.168453,-1.85625,0
0.001006,-1.140307,0.766037,1.589423,-0.890221,0
1.560332,-0.80373,0.616682,1.517474,-0.527047,0
0.399595,0.409964,1.498095,-1.020141,1.136237,1
1.48736,-0.511107,-0.775622,-0.505319,-0.159497,0
1.424215,-0.263436,-2.296725,-0.387191,-1.853923,1
0.818783,0.184603,0.739043,-0.197843,0.714949,1
-0.061285,1.040335,1.491481,1.609893,-0.671819,1
0.879904,0.861536,-0.591081,1.025981,-0.583322,0
-0.192214,-0.028598,-0.591522,0.233663,1.791267,1
0.044269,-1.585048,0.266456,-0.832917,-0.308621,1
-1.646226,-0.597846,1.007411,0.792737,0.007618,0
0.805236,-1.282952,-0.062231,0.1385,-2.202902,1
-0.902359,-0.770961,-1.531767,-0.117275,-1.179607,1
0.364146,1.446543,-0.557003,1.704531,-1.671955,0
-2.230037,-0.875063,0.291024,-0.458582,0.779984,1
0.747557,0.022908,0.389023,-0.848408,-1.531197,1
0.896556,1.309425,-0.296898,-0.469507,1.940298,1
-1.758133,0.963345,-0.296336,-3.020939,0.242323,0
0.561197,0.902576,-0.905768,-0.089096,0.292802,0
0.825385,1.261355,0.155184,-0.177823,0.069814,1
-0.853028,-0.841604,2.66668,1.139894,0.637395,1
-2.592919,-0.027751,0.282871,0.143889,-0.780987,1
-1.944208,1.033253,0.324885,-0.702071,1.325572,0
1.80934,-0.132706,-0.412103,1.428055,0.539889,1
2.120467,1.037387,-1.194229,-1.345008,1.703128,0
0.989149,0.715672,-0.835019,-0.674311,1.075167,1
-0.058909,0.522755,-0.727551,-0.124224,0.458547,1
0.376689,0.258089,0.825409,-0.571915,1.588386,1
-0.625928,-0.000348,-0.109604,0.156994,-0.000496,0
0.175869,-0.615095,-0.204349,-2.306451,0.368863,0
0.446447,-0.965701,-1.896153,0.05957,-0.930498,1
0.73986,0.910532,-0.100868,0.774211,-1.361576,1
-0.763356,0.520899,0.496864,0.176729,1.483864,0
0.706503,0.217852,0.359273,1.097053,-1.69859,1
-0.148435,0.729844,-0.296443,1.068863,0.596342,0
0.908253,2.605603,-0.637917,-0.716227,-0.21824,0
-0.343228,0.874141,0.98045,0.006585,-1.167138,1
0.187536,-0.099583,-0.002964,-0.038557,0.431964,1
0.206043,0.05521,-0.24336,0.686161,-1.054209,0
-0.628684,-0.870753,-1.326388,0.72032,-0.684212,1
0.566395,-0.054513,-0.232114,-1.416825,1.827815,1
0.515969,-1.133541,-1.167258,0.208723,-0.50643,1
-1.897405,-0.052124,0.630343,-1.762037,-1.825448,0
-1.065088,-0.252011,-0.677544,0.524249,0.103973,0
1.502654,1.164315,-1.311878,-0.505418,-1.060151,1
-1.076617,1.787344,0.037226,-0.012887,-1.182391,0
-0.199458,-0.311259,-0.063213,-0.759754,0.701272,1
0.354269,0.455666,1.576451,1.15361,-0.177256,1
-1.504094,0.199523,0.147439,-1.377522,-0.250573,1
-0.313828,-0.04082,1.648449,-0.434269,1.220232,1
0.734461,0.294328,-0.722561,-1.354407,-0.373112,1
-0.740393,-1.093199,0.246792,1.556893,1.434701,1
2.324298,-0.321478,1.101709,0.121661,1.116159,1
-2.375922,-0.080271,0.681608,0.64811,-0.230636,0
0.76644,0.947375,0.510062,-0.156073,0.509128,1
-1.078133,-0.209672,-0.694525,0.923695,-0.691665,1
1.16304,0.026242,-0.807642,0.25816,0.582125,1
0.710069,0.031708,-0.049804,0.008816,-1.911544,0
1.414128,-0.704948,0.674095,-0.479693,-0.694005,1
0.718665,-0.80129,-0.502719,-0.721659,0.350434,0
1.522868,1.131623,-0.519837,2.28358,0.003335,0
0.785965,0.356761,0.898584,1.998488,-0.564781,1
-1.505198,-1.621062,1.175756,-0.459549,-0.060533,0
-0.312761,-1.592499,0.507933,-0.505378,-0.647242,1
0.46761,-0.231719,-0.903713,0.159572,-0.484643,1
1.565835,-0.093279,1.457909,-0.40088,1.212072,1
0.29477,0.515525,0.568858,2.098683,-0.704854,0
0.012952,1.093135,-0.024214,0.417996,0.502667,1
-0.238708,0.366123,0.052781,0.771356,-1.89259,0
-0.885039,-0.882303,0.538531,-0.961426,-0.147128,0
0.745776,0.306495,0.508056,-0.104597,-1.409108,1
-0.030069,0.168752,0.777009,0.009817,1.01032,1
1.862585,-0.554564,0.146518,-0.150453,1.540224,1
0.316377,-1.311495,0.222374,0.996787,0.001119,0
0.899405,-1.749144,0.744361,-0.13116,0.448415,0
0.366456,-0.986299,-2.168951,-0.255062,-1.421088,1
-1.22112,0.335504,1.692584,0.429442,0.245506,0
2.233649,-0.173493,0.493716,-0.016031,1.422162,1
0.291021,0.247396,-1.306871,-0.202249,-0.542661,1
0.460055,0.845343,0.055647,-2.450258,0.617798,1
0.84611,-0.757609,0.071989,0.749902,1.514219,1
-0.382562,1.163553,0.160286,-0.477007,-0.928425,1
-1.129971,-1.976864,0.038284,0.260613,-0.548932,0
0.888847,0.572353,1.691787,-0.080925,-1.182943,1
0.848899,-0.162717,0.308475,-0.655496,0.301721,1
1.663467,1.117246,-0.348119,0.272843,0.656522,1
-1.237023,-2.100546,0.606008,0.795439,0.623684,1
2.630507,0.333673,0.112699,-1.675037,1.327818,1
-0.375398,-3.444705,0.812416,-0.372393,0.923962,0
2.154145,1.448212,0.294161,-0.699648,0.668529,1
0.036838,0.066277,-0.173272,0.914364,0.493974,0
-0.141782,0.248381,0.905746,0.807666,-1.673233,0
1.078825,0.344974,-1.56436,1.609949,0.333487,0
0.89145,1.010022,0.194528,0.646179,-1.578936,0
0.350924,0.078104,0.675652,-0.371019,-0.036467,1
-2.138945,-0.351473,2.490364,-0.578482,-0.522923,0
-0.32579,0.734008,1.678316,0.03978,1.226921,1
-0.710493,0.721468,0.110818,-2.476155,0.38917,1
-0.575119,0.497388,-1.055146,0.497016,0.571904,0
-0.277507,-0.134437,-1.855364,0.195268,-1.353165,0
-0.401135,0.858767,0.081651,-0.397437,0.543482,0
1.581277,0.241076,0.103843,-0.83984,-0.2881,1
2.208359,-1.984868,-0.039157,0.417283,0.965731,1
0.669006,-0.690332,0.238958,-1.205995,0.694525,1
-0.024628,-1.937488,-0.260297,-0.436533,0.450762,1
-0.701767,-1.142591,1.172101,0.236646,0.715904,0
1.18512,1.70491,-0.783485,-0.419768,-2.48287,1
1.899324,0.212198,1.805578,-1.750927,-2.519025,0
-1.82603,0.292006,1.194523,-1.867802,0.807215,1
0.209215,0.995936,2.495871,-1.999164,-1.151882,1
0.727933,-0.813982,-0.108341,1.731012,0.445618,0
-0.158215,-0.5109,-0.479453,-0.374672,0.40553,1
-0.041755,1.35202,-0.39079,-0.549721,0.888096,0
0.063609,0.342872,0.794318,0.51399,1.7053,1
0.426333,0.179018,-1.000177,0.772835,-0.280419,1
-0.335442,-0.345389,-0.967087,-0.178098,0.83872,1
-0.493768,1.194995,-0.647318,0.811304,2.218876,0
-2.540976,0.525578,1.525748,0.031163,0.104004,0
-1.644424,0.854147,-1.72161,1.150849,-0.577751,1
0.14484,-1.356348,-0.455335,0.364323,-0.231867,1
-0.815756,0.859516,0.496653,0.647702,-2.258904,1
-0.302092,-1.804438,0.107726,0.648754,-0.137005,1
2.551924,-0.953757,-0.329269,0.035856,0.886095,1
-0.443328,-1.357288,-1.280093,0.938093,1.483883,1
-1.597286,1.093093,0.303416,-0.558647,0.200925,0
0.990168,-0.381363,0.342328,0.029687,1.606311,1
1.242925,0.328294,0.013067,-0.278529,0.263405,1
-0.425599,-1.335604,-0.434445,-0.361087,0.979448,1
-1.309803,0.659727,-1.014658,0.352464,1.374054,0
0.203273,0.157157,1.690996,0.20731,-1.087689,0
-0.469206,0.079708,0.733976,0.766564,0.905699,0
0.588544,1.376123,0.360404,1.413901,0.803429,1
-0.333175,-0.024078,-0.973967,-0.024019,0.515526,0
-0.164402,1.62253,-0.03952,0.260574,-0.602261,0
-2.502007,0.12792,0.51909,-0.302423,0.551648,1
-2.242977,-0.995171,1.353619,1.155228,1.789563,0
0.223122,-0.510085,-2.246814,-0.031313,0.202187,1
0.754384,-0.11521,0.248563,0.245393,0.539832,1
-0.90863,-1.920902,0.856631,1.529445,0.9223,0
0.813928,-1.292658,1.566977,-1.238891,-0.447613,0
2.492251,1.923395,-0.686461,-0.72895,0.231414,1
-0.749365,-0.835702,-0.441544,0.099259,-1.076081,1
-0.012659,-0.314377,0.32493,-0.692494,-1.844476,1
-2.207975,-0.44687,-0.741706,0.262195,0.002951,1
-0.793447,-0.708894,-2.118807,-0.169138,0.484859,1
0.529657,0.071664,0.010103,-0.290581,0.374797,1
0.213157,1.306422,-0.572698,-0.358877,-0.807982,1
-0.797186,0.688697,-0.289888,0.265362,0.361943,0
1.20535,-1.262967,-0.639379,0.452655,1.435337,1
0.103858,-0.849066,1.163516,-2.207113,0.81418,1
0.020421,2.162424,1.184718,0.336151,-0.611883,0
0.410302,0.028443,-0.155064,-2.257884,-0.748135,0
0.426898,1.300449,-1.431131,-0.062518,0.240264,0
-0.571089,-0.097933,0.299701,1.342307,-1.119683,0
1.927545,0.076939,-0.033829,-1.118403,-0.056836,1
-1.096134,0.573748,0.446673,0.877392,0.218341,0
-0.653224,-1.818314,-0.187504,-0.763742,-1.009778,1
-0.354878,-0.776864,-0.114275,-1.626259,-2.016968,1
0.127738,-0.119886,-0.047781,0.732378,-0.092524,0
-2.404439,-0.956701,1.82428,-0.350297,0.651135,0
-1.046889,-1.12464,-1.411522,-2.394859,-1.878474,1
0.364544,0.670534,-0.836718,-0.206374,-1.283329,0
0.330458,1.356397,1.941024,1.032445,0.143609,0
0.18417,0.829553,-0.397071,0.151755,0.187823,1
-0.500041,-1.326475,-0.534022,-1.544147,1.223763,1
0.53657,0.762205,-1.686355,0.286503,-0.23316,0
2.064174,-1.231122,0.530708,0.423079,0.201852,1
0.171238,0.538746,-1.311846,0.642007,-1.258831,0
0.367374,0.26648,0.031329,-0.67663,-0.441917,0
0.952465,-0.034311,0.814277,-0.204506,-0.935941,1
1.15361,-0.26549,0.825441,-1.115689,1.012588,1
0.19964,0.133052,-0.913228,-0.349205,-1.192443,1
0.282974,-0.33242,0.259576,-0.55333,0.671827,1
0.005484,0.092598,-0.012962,-1.161045,0.067021,1
0.467193,1.070733,-1.082722,1.547043,-0.159353,0
2.394738,0.340977,1.512683,-0.482565,0.005107,1
1.538549,0.856969,-0.573177,-1.662458,-0.650594,1
-0.67502,-1.658327,1.293028,1.794839,1.079397,1
0.212782,0.752057,0.959448,-0.685944,-1.506803,1
1.427413,-1.194552,0.299455,0.047022,-1.671657,1
-0.515898,0.724472,1.078557,1.594078,-0.863584,1
-1.401326,-1.597363,0.646437,-0.456202,-0.247709,0
0.553365,-0.487082,0.304053,0.790705,-0.558762,0
-1.843708,0.420091,0.626456,-0.562355,1.077402,1
-0.305193,0.571407,1.595679,-0.251208,2.054989,0
1.528974,-2.14529,1.909783,0.452481,-1.561559,0
0.472829,1.344823,0.532408,0.423089,-0.200701,1
0.169589,0.391814,-1.486997,-1.414701,-0.004325,1
0.855279,1.058163,-1.357727,0.926289,0.888085,0
-0.579346,-0.005913,-1.04566,0.214919,1.586083,0
0.233605,-1.534242,0.905464,-1.206849,-0.692915,0
-0.854275,-0.31425,-0.327465,-1.528178,0.845377,1
-0.520659,-0.551762,-0.977486,0.509091,-0.741093,0
-0.709808,0.575726,-0.270044,-0.980063,-1.432219,0
-2.705116,0.172919,1.216295,0.297229,0.927141,0
1.478181,-0.458306,-0.055617,-1.113558,-0.563518,1
-1.423819,-0.109277,0.578288,-1.067974,-2.055794,0
1.298338,-0.400188,-0.914676,0.040738,-0.509369,1
-0.21006,0.269153,-0.154006,0.998439,1.037789,0
0.086981,-0.29763,-0.882911,-0.067797,0.709726,1
1.13765,-0.450995,0.349018,1.764084,-0.53729,0
0.433436,0.303061,-1.795862,-0.747972,-0.840906,1
0.387343,2.547726,-0.861385,1.137824,0.770446,0
-1.671526,-0.346715,1.212073,1.33809,1.340886,0
0.46639,-0.636284,-0.544652,0.536848,-0.573446,0
0.28719,-0.143289,-0.799903,0.026801,0.847254,1
-1.282862,0.61857,-0.51208,-0.798725,1.769668,1
-0.850108,1.021943,-1.918444,0.116749,-0.537541,0
-0.116418,-0.129017,2.456013,0.177448,-0.422603,1
-0.629954,0.455299,0.570011,0.151749,-0.90974,1
1.459228,-1.003972,1.038696,1.832051,-1.354754,0
-1.097534,1.384483,-1.089148,0.351095,-0.562545,0
-1.615162,-0.316483,-1.917981,0.779161,-0.737387,0
-0.26581,0.746755,0.895069,1.047145,0.402876,1
-1.172588,0.063628,-1.932219,-0.490196,1.91532,0
0.079554,-1.366673,-0.566789,0.522375,-0.816699,1
0.383892,-0.096991,-0.926587,-1.078579,1.349718,1
0.244571,0.814015,-0.37376,1.187631,-0.137066,0
0.210075,-0.157601,-0.27823,-1.373219,-1.051068,1
1.688719,-1.205526,0.19456,0.088686,-0.682214,1
-1.122695,0.595443,0.385981,-0.737656,0.477168,0
-0.898016,-0.161508,1.177316,1.440078,-0.228127,0
-0.425058,0.762969,-0.404448,1.265852,-1.159614,1
-1.312344,-0.355739,-2.051727,-0.306399,-0.089855,0
0.648579,0.025322,1.206294,-0.649108,-0.963753,1
-1.477576,-1.057347,-0.894364,-1.079296,-1.104188,1
-0.290454,-0.627235,-0.551272,-0.959496,0.03678,0
-0.460865,1.679653,0.397423,1.252669,-0.750603,0
0.774266,-1.577696,-0.714473,-0.29385,-0.336189,1
0.991259,-1.29908,0.604584,0.306632,-0.135311,1
0.487719,0.1232,0.484322,-1.215844,0.948529,0
-0.532144,-1.016205,0.871872,2.598893,-1.072302,0
-0.395472,0.242629,-0.425095,-0.544529,0.102403,1
0.144282,-0.205932,-0.465897,0.42001,-0.090154,1
0.130548,0.137227,-0.14256,-0.731118,-0.06644,0
-0.640815,0.237773,-1.563285,0.995405,-1.275059,1
-1.085827,-1.136425,-2.250102,0.569,-0.065703,1
2.581038,0.171832,0.01233,-1.077321,-1.496554,0
-0.605264,1.499397,1.000469,1.716146,-0.349819,1
0.030124,-0.957721,-0.487704,-0.248122,-0.501522,1
-0.939792,1.089697,-0.713604,-0.757111,-1.323052,0
1.155576,0.279191,-1.263028,-0.093094,0.341236,1
-0.542545,-1.794241,-0.672634,1.187213,1.867657,1
-0.26643,-0.380765,0.987024,0.741818,-0.628559,0
-1.707584,-1.270086,0.288426,-0.763566,0.781273,0
0.008272,-1.573986,-0.95292,0.223479,-0.191027,1
0.760255,-1.860084,-0.719722,-0.349276,1.077097,1
-1.459566,0.790738,-0.476068,1.093058,0.647022,0
0.510397,1.58542,0.664055,-0.303745,-1.177911,1
-0.936394,0.20659,0.738478,0.012615,-1.771174,0
1.544348,0.949062,0.101084,-0.72109,-1.870769,1
-1.022203,-1.127163,-0.155787,-0.548221,-0.344676,1
0.655548,1.40901,-0.839315,0.978649,-0.987309,1
0.693973,3.289234,0.946529,-0.33291,0.336949,1
0.135492,-0.566758,-0.753475,-0.527519,-0.202364,0
-0.024863,2.001615,-0.120823,-1.289393,0.111139,1
0.192161,-1.03593,1.611937,-0.563234,1.0783,0
-2.335897,0.651021,0.1579,0.176228,0.37904,1
-1.892524,-0.713498,-2.342573,0.628517,0.307446,0
-0.195329,-0.404001,0.303742,0.746048,-0.195071,0
-1.587955,-1.935126,-0.483007,-0.874956,-0.559163,0
0.18814,0.707097,-0.036839,0.746266,0.184784,0
1.775466,-1.243581,0.161732,-0.264976,0.35628,1
-1.531703,0.337352,-0.030978,1.029578,1.323843,0
-0.373575,-0.755212,-1.413713,-0.915536,0.697701,1
0.544147,0.814567,0.805847,0.361359,0.643613,0
-0.069971,-0.143153,-0.134714,-0.644931,2.233578,1
0.514206,1.837463,-0.809206,0.419942,-0.353189,0
1.884911,1.315689,0.770635,-1.177216,-0.870678,1
0.268851,-1.39268,0.197866,0.441695,0.553232,1
-0.286892,-1.236835,1.242671,1.596048,-0.105948,1
1.024739,-0.252964,1.896239,-0.30692,0.522647,1
-0.896257,1.966287,2.089782,1.823068,1.989242,1
0.742444,0.275301,1.105576,-0.174279,0.752251,1
-2.019876,2.312103,2.276382,-0.027382,0.67614,1
0.475611,1.506305,0.568995,-0.749024,2.67032,0
0.320202,-0.855131,0.039507,0.047843,0.60421,0
-1.063251,-2.024683,0.872395,0.257821,1.275817,1
0.729194,1.552903,-0.158075,-0.642725,0.375777,1
0.204336,-0.799742,0.022717,0.37555,1.32465,0
0.499058,-1.224728,0.108862,0.352214,-0.111009,1
-1.018131,1.715056,0.621988,-0.980003,1.651893,1
-0.176271,0.007739,0.961608,-0.608426,0.545879,0
-0.566759,0.469319,-0.833444,0.498168,0.82438,0
1.210766,0.035305,-1.134843,0.402398,1.149093,1
1.089606,0.583836,-0.658287,-0.236653,-0.95108,1
1.882437,0.761887,1.120233,-0.332706,-1.225423,1
-0.102752,2.594887,0.33921,0.104398,0.625979,0
-0.005306,1.843418,0.442421,0.084608,-0.207646,0
-0.625236,-1.063403,-0.766482,-1.541343,-0.223431,0
1.084375,-1.161654,0.491952,0.143497,-1.177738,1
0.047445,0.734611,0.707759,0.872884,1.014953,1
0.784959,1.041652,-0.01288,-0.59905,1.082663,1
-2.091796,-1.679659,0.916759,-0.990598,-0.160824,0
0.15298,-0.896234,0.05459,0.901779,-2.591758,0
1.110321,1.568093,-0.957262,0.191001,-0.271293,0
2.252412,-0.610702,0.004709,1.047288,-0.639927,1
-0.704958,0.966029,0.449136,-0.20508,-0.006154,1
1.700012,-0.327659,1.306568,-0.546643,0.755786,1
-1.934828,1.399224,0.306987,-0.149034,1.498974,0
-2.19286,-0.596264,-0.549561,-0.524306,-1.057744,0
-0.135684,-0.199421,0.830123,-0.304056,-0.405072,0
1.155483,-0.327175,-0.129373,1.113349,-0.55407,0
-0.119585,0.565494,0.612668,-0.686603,0.456941,1
1.070555,0.659254,0.733429,-1.159766,-1.31105,1
-0.618737,-0.274008,-1.077296,-1.315291,-0.409434,1
-0.276395,0.69168,0.212898,1.179575,-0.98562,1
0.889271,-1.196206,1.590013,0.091749,1.272159,0
-0.642588,2.890124,-0.485058,1.65005,0.202064,0
0.312152,-0.332696,0.131757,-0.820423,0.697263,1
0.552529,0.452689,1.584936,-0.41433,0.511863,1
0.748335,-0.625708,-1.23461,1.090569,-1.501187,1
-0.116299,-1.644994,0.069128,-1.13351,0.341991,1
-1.532589,1.410019,1.450874,1.70293,0.046275,0
-2.564885,0.034116,-0.935784,-0.454498,0.42659,0
-1.985296,-0.797804,0.753327,-1.54674,0.41894,0
-0.98447,0.807318,-0.659457,0.585076,0.449357,0
-1.893817,-0.59907,0.219808,-0.186394,0.527772,0
-0.373898,-0.21042,0.775719,-0.425429,1.056689,0
-1.589219,0.298565,1.011271,0.124084,-0.078121,1
-1.076617,-0.465369,1.511787,-0.827259,-3.471772,0
-0.856596,-1.511527,-0.164621,-0.723214,0.601996,0
-1.442477,1.95664,-0.544034,-1.092682,0.787275,0
0.564213,-1.210646,-0.491147,1.881505,-1.770523,1
-1.302065,0.513979,0.916785,-0.02233,-1.806787,1
-0.346297,-1.14903,2.520384,0.551177,-1.064668,1
1.206241,-0.941606,1.305292,-2.74898,0.797541,0
-0.675606,-0.297193,1.159717,-0.645278,-0.019822,1
-0.93004,-0.991618,-1.923815,2.53947,-0.192359,0
-0.222414,0.200534,-0.832159,-0.032237,-0.082476,0
0.726955,-1.111883,-0.325684,-0.576073,-1.269338,1
0.017058,-0.743622,-0.981538,1.307006,-0.023738,1
0.421913,0.40376,0.028319,-0.474071,0.494492,1
0.359762,0.611182,-1.234966,0.124693,-0.33572,1
0.113863,-0.875601,-0.201247,-0.91265,0.381916,0
0.688691,1.087435,-0.750512,-0.636403,0.888863,1
1.980508,0.708516,-2.199375,-1.257472,-1.29257,1
0.515139,2.223634,0.630581,0.531708,-0.688009,1
0.342303,-0.778917,-2.028743,-1.524271,-2.444439,1
0.068336,-1.225481,1.016463,0.153729,0.846201,0
-1.765655,0.173738,0.025626,0.616746,-0.404605,0
0.499243,-0.324818,1.242352,0.927227,0.816284,0
-0.301946,0.210244,1.336139,1.307718,-0.445346,1
0.60297,-0.154135,0.71951,1.44206,0.321538,0
0.872069,1.298834,0.662258,0.435805,0.266218,1
-0.450098,0.933179,-1.54857,0.503794,0.78534,0
-1.80427,1.761839,0.639613,2.370713,-0.717763,0
-0.021788,1.065035,1.147725,-0.144849,2.139287,1
-0.507785,0.554568,-0.537592,-0.434609,0.355967,0
-0.367836,-0.765801,-0.20998,0.134256,-0.976549,0
-0.78595,-0.355947,-0.326727,0.270518,0.863444,0
1.74989,-0.250341,-0.409956,-0.876266,-0.35968,1
-0.107382,0.353322,-0.269104,0.664115,1.115021,0
1.131004,-1.797918,1.248835,0.323858,-2.045021,0
0.542741,0.59397,1.482841,0.278756,-0.480675,1
-0.796818,-0.838295,-1.303919,0.019214,1.93663,1
-0.436847,-0.458379,1.654326,1.46277,-0.157958,1
-1.571216,0.575885,0.147857,0.272294,0.804993,0
0.836921,0.210596,-0.406285,-0.48066,0.692619,1
-1.09954,-0.031609,1.067998,-0.371592,-0.848841,1
0.874363,-1.493967,-0.067069,0.288655,0.832308,0
-1.084954,0.016906,0.485234,0.176821,-0.663725,0
-0.001267,-0.424438,-0.34074,-0.940449,-0.028774,1
-1.878388,2.042868,1.295248,-2.0492,1.060787,1
-0.134598,-1.877677,-0.761194,-0.791451,1.458787,1
0.517966,-2.28834,-0.171145,1.17791,1.217721,0
-0.529682,-1.731036,-0.088394,1.254305,1.398399,0
-0.272096,0.000681,0.349912,-0.645621,0.802495,1
-0.201232,0.503142,-0.397862,-1.435639,0.056629,1
0.741739,-2.205283,0.793465,-0.502063,0.677857,0
0.808666,1.001465,-0.921493,1.590566,-1.613589,1
-0.504854,-0.676636,-1.169689,-1.654303,0.411717,1
0.621765,0.544547,-0.435045,0.522656,0.754421,0
0.300518,-0.326286,-1.040201,0.671746,0.577299,1
-0.395392,0.460152,0.132705,0.064308,1.664143,1
-0.082378,-0.574196,-2.741557,-0.442099,-0.186888,1
-0.594222,0.260517,-0.124426,-0.03452,1.258393,0
-0.69638,1.335463,-0.575429,-0.006667,0.751433,1
1.699769,0.298512,0.447341,-0.709039,0.560189,1
1.311094,0.54413,-0.269948,0.406504,-1.839377,1
-0.295959,0.566058,0.400442,-0.781939,-0.857865,1
0.930661,0.36204,-0.645111,1.250399,0.331562,1
0.663468,-1.416074,1.993268,-1.351042,-1.175878,1
0.041541,-0.404285,1.255737,1.336376,0.737226,1
-2.479093,0.924538,0.241403,0.152479,-0.604285,0
0.24144,1.916857,0.033755,1.08063,-1.38723,0
-0.305383,1.440119,-1.041355,-0.095942,-0.568241,0
0.912183,0.995814,-1.922278,0.428686,0.719336,0
-0.852688,-0.35869,0.141778,0.397055,-0.49621,0
0.993936,1.682235,-1.086856,2.522471,-0.409776,0
0.131865,-0.32616,-0.611168,-1.226919,-0.379006,1
1.244804,-1.433248,0.174366,-0.279678,0.873595,1
0.637112,0.112604,-0.471831,-0.981538,1.264189,1
0.749856,-0.906995,-0.504341,-1.267133,-0.241541,1
0.475251,0.415045,0.971134,-0.80346,1.515714,1
1.290788,1.017614,0.69124,-0.011233,1.159194,1
0.191411,1.289935,0.909865,0.782232,-0.347419,1
-0.215779,0.963438,0.47931,0.827258,-0.956641,0
0.021387,-0.492955,1.596429,-0.093819,1.508841,0
1.126851,1.204923,2.233289,-1.593477,-0.666305,0
0.056349,-0.339675,0.079339,0.961894,1.337152,0
0.127849,-0.483829,1.491304,-1.872607,0.939729,1
0.893214,-0.926081,1.757243,-1.002242,0.815026,0
1.439488,0.129105,-1.505142,0.234123,-0.455027,1
-0.194623,-2.424106,-0.052609,-0.29358,-0.364153,1
-0.278074,0.16012,-0.462724,1.337796,-0.677866,0
0.380468,1.019412,0.694207,-1.122331,0.155594,0
0.13472,0.200466,-0.607954,-0.780082,-0.27668,1
-0.408841,0.379978,0.881503,-0.877047,-0.674079,1
-1.687636,0.912104,0.079289,0.688225,0.959038,0
0.083765,-0.255321,0.762268,1.682178,-0.427911,0
-0.90217,1.052394,1.619435,-1.592819,1.261105,1
0.79407,0.410167,0.445062,2.071294,-0.253055,1
-0.158866,-0.721224,0.860905,-0.876952,-0.461099,0
1.314749,0.04949,-0.102291,0.176033,-2.83689,0
0.739654,0.90773,1.182905,-0.113426,0.791026,1
-0.098275,1.293621,-2.469115,-0.441304,0.263147,0
-0.012936,0.265861,-2.011655,0.215359,-1.399629,0
-0.529771,0.617053,0.570441,-1.949051,1.401358,1
-0.568698,0.137244,-1.634538,-1.41794,-0.079437,0
-0.969172,-0.319894,0.842344,0.33626,-1.325505,0
2.67584,-0.501946,0.553127,0.088307,0.922723,0
2.02165,0.091933,-1.039262,0.315243,-0.770769,0
-0.355194,0.774619,0.342893,-0.578729,1.503035,1
0.84278,-0.349528,1.164443,-0.628541,0.54988,1
0.302443,0.936845,-0.073955,0.161736,-1.044996,1
1.048485,0.47537,0.647362,-0.475917,-0.010231,0
0.215824,-0.176693,1.551207,0.199765,0.990113,0
-1.594584,-1.203561,-0.395426,-0.530772,-0.259636,0
-2.556141,1.599516,0.870311,0.648059,-0.64387,1
0.469986,1.148437,1.013423,-1.007808,0.611217,1
-0.321718,-0.006142,-1.4469,-1.248471,0.84482,1
0.967659,0.365287,1.346232,0.395378,-0.591445,1
1.007002,-0.04918,1.114677,2.269463,0.194403,0
0.338509,-0.026588,-1.210708,-1.053504,-0.211362,0
0.389283,1.066186,1.333529,1.549461,0.981516,1
-1.293483,-0.320534,-1.377096,-0.495734,-0.719941,0
-0.533991,-0.077542,1.574678,0.144476,-1.723738,0
0.389696,-2.725143,-0.772861,0.234254,-2.353246,0
-0.347331,1.134664,0.064521,-0.966398,-1.428974,1
0.718147,-0.047333,0.017964,-0.433712,0.528467,0
0.093777,-1.272893,-0.014804,0.98465,2.156127,0
0.369545,0.504061,-0.173492,-2.249024,0.127402,1
0.206675,0.13231,2.838027,-1.421901,0.009493,1
0.346641,-1.054788,-0.967588,1.933963,1.267041,0
1.019074,-0.619063,-0.80287,0.231045,-0.265213,1
-1.893047,1.202576,1.321451,-0.476214,0.123525,0
0.751835,-0.66361,0.293157,0.489011,1.614984,1
-0.963977,3.067473,0.270401,1.269885,1.102943,0
1.661351,-0.180793,1.658993,0.360045,-0.731106,1
-2.096623,0.190863,0.799079,1.287537,-0.898404,0
-0.632186,0.508634,-0.460734,0.703478,-0.631532,0
0.4146,-0.480229,2.129817,-2.44765,-0.065527,0
0.212511,0.13584,-0.022096,0.485835,-0.301482,0
0.497306,0.349738,-0.178292,-0.396663,-1.194394,1
1.894149,2.057779,-1.885443,0.715679,0.150157,0
-0.103175,-0.258021,-0.725596,-0.021803,-0.426535,0
0.19909,0.870906,-0.050512,0.366224,-0.350143,0
0.695472,0.797002,0.656322,1.371892,0.979421,1
1.311933,0.710836,0.606054,-2.239697,0.052549,1
0.568858,2.555283,1.203741,-1.086305,-0.089845,1
0.61811,0.269734,0.1247,-1.022616,-0.056286,1
-0.094845,0.110894,-0.551422,-1.346646,-1.213798,1
-0.344135,2.023222,-0.225149,-0.203117,-0.988942,0
-2.347545,1.306966,-0.748604,0.642812,-0.469106,0
0.297817,1.36751,0.045134,0.685928,-0.342559,1
-0.531274,0.518294,0.158252,0.471091,0.966245,0
-1.459802,1.46546,0.471174,-0.649402,1.287034,0
-1.06947,2.445381,1.656012,0.009701,0.723127,1
-0.950954,0.730548,-0.024113,-1.132599,-1.198732,0
-0.235464,-0.971976,-1.358862,-0.226256,-0.389428,1
-0.791179,-0.684983,-0.190019,-0.59655,-0.509616,0
-1.576609,0.267243,-1.127035,-0.157103,0.099555,0
0.54461,-1.198531,-0.218888,-1.804999,-0.314722,1
0.870747,1.640869,-1.386188,0.35314,0.990764,0
-1.872827,0.943898,0.263067,0.910429,-1.605023,1
0.432378,0.626393,0.75,0.565352,0.398349,1
-1.146691,0.85391,0.526976,1.540819,-0.029416,0
-1.772803,0.242768,0.031504,-0.569003,-0.406155,0
-0.865663,0.074742,0.959657,-0.525419,0.826841,1
0.395149,1.238692,0.586156,0.222478,-0.159133,1
-0.78532,0.097245,1.893088,1.194203,0.771924,0
0.313581,1.000998,0.364438,-1.338331,-0.207331,1
0.216332,-1.060312,1.170067,-0.287165,0.98274,0
0.347626,-0.864855,-0.988231,0.867308,0.580812,1
-0.29678,-0.228876,-0.937646,-0.452195,-0.771256,0
0.037051,-0.976102,-1.156261,-0.189209,1.369015,0
-0.97749,-0.930329,-0.613429,-1.859326,0.450363,1
-2.073753,0.347144,-1.080536,0.42909,-1.860938,0
-0.138139,-0.060792,-1.011709,1.460451,0.380737,0
0.206592,-1.70165,0.520486,0.47732,1.631977,1
0.859325,1.422414,0.880907,-0.309203,-0.132454,1
-0.278161,-1.114112,1.442734,0.517148,-1.152105,0
0.653088,0.826749,-1.851185,0.550604,0.714685,0
2.991595,0.113328,-0.120424,0.770747,-0.296053,1
0.707926,-1.123631,-0.410073,-0.284181,0.155719,1
1.205104,-1.33657,0.47877,-0.604256,0.097163,1
0.312389,-0.784019,0.795861,-1.320864,0.091545,1
0.212374,-0.633916,1.114477,-0.618366,0.824145,0
0.27444,-1.084636,0.698617,-0.356476,0.715623,0
-0.40629,1.521354,0.433481,-1.267092,-2.242801,1
0.657455,0.248467,-0.239086,-1.305981,0.577655,0
0.251176,-0.293602,-0.51845,-0.35849,1.133727,1
-0.601204,-1.496839,0.01677,-0.379707,-0.744737,0
0.29572,-0.47715,0.592213,-0.336029,0.360518,1
0.264928,0.986082,-0.314443,-0.418137,-0.648744,1
-0.227307,-0.533651,1.445833,0.53768,1.836842,0
0.493293,0.143567,1.31309,-0.536745,1.164681,0
0.753358,-0.46555,0.311544,-0.482129,0.854398,1
-2.665306,0.956878,0.200935,-0.450529,-0.550085,0
0.929837,0.619949,-0.144487,-1.050174,-0.212911,1
-0.444508,1.631185,1.573337,2.367397,-0.057598,1
-0.234257,0.894644,0.002715,-1.171553,0.39957,1
-0.188549,0.886097,-1.018003,-0.416323,-0.108893,1
-0.280484,2.095803,0.405052,-0.592745,0.228409,1
-0.117092,0.899489,-0.187132,1.373655,-0.500394,1
-0.545243,0.947109,0.026941,1.646693,0.76105,0
1.587627,1.160076,0.540775,1.04449,0.716268,1
-0.917742,-0.628731,1.173352,0.252439,1.181801,1
0.827557,-0.823171,-0.4391,-1.041236,1.045002,0
1.152019,2.086113,-0.943139,1.674682,0.800952,1
-0.816872,1.707168,1.144781,0.868112,0.785653,1
0.830343,0.756342,0.636865,1.062004,-0.955297,0
-0.040739,-0.554796,0.383605,0.516722,0.53063,0
-2.10359,-0.023743,2.385122,0.227145,-1.764853,0
0.128848,-0.270049,-0.669244,0.000153,-0.577634,1
0.980861,0.192992,-0.825588,-0.094383,0.32427,1
-0.266531,0.135683,1.3382,0.334074,-1.53935,1
0.036102,1.351729,0.288497,-0.031022,-1.129994,1
-1.037969,-0.997358,1.527268,-2.187671,0.535549,1
0.958878,-0.3775,-0.358263,0.23661,0.052756,1
1.626005,0.534266,0.747478,0.422486,0.513127,1
-1.331514,2.384243,1.770757,-0.030112,-1.163373,1
0.148994,1.398072,-0.910883,-0.436218,-0.503587,0
0.99456,-1.449201,1.329467,0.871939,-0.347303,0
0.483113,-0.772181,-1.463249,1.242222,1.407978,1
1.365974,-0.931023,0.891493,-1.563944,-0.901303,1
-0.57502,0.434268,-1.975999,-0.771273,2.426997,0
0.467864,-0.16533,1.725507,-0.346495,-0.024044,1
1.909016,0.355076,1.048117,0.097657,1.1608,1
-0.622275,-1.446119,-1.362619,1.098525,0.410426,1
-1.458887,0.467944,-0.90752,1.241572,0.756534,0
-0.717383,1.136854,0.915821,-1.52015,1.158407,0
0.032728,1.405208,1.171398,-1.188421,0.666458,1
-0.354504,0.595862,-1.170206,1.534053,-0.608544,1
-0.566276,-0.204583,1.540763,-1.374395,0.523971,0
1.100267,1.042503,1.79781,0.479967,0.320194,1
0.728668,-0.462331,0.542192,1.056935,-0.875983,0
-0.926976,0.725071,1.143317,-0.326068,0.646458,1
-0.046585,0.641406,1.042466,0.620953,0.001376,1
-1.74707,0.512685,-0.004756,0.932011,1.021925,0
0.751409,-0.968637,-0.08461,1.908263,-0.918374,0
1.242649,0.642066,-2.362854,0.865854,-0.950701,0
1.122785,-0.864022,0.854701,-0.97092,-1.952341,1
-1.791659,2.065423,1.777401,0.66499,-0.517857,1
-1.167074,0.014209,-2.105854,-0.220448,-1.650009,1
-0.247034,0.483361,2.015923,-0.613592,0.818839,1
1.049178,0.955336,0.28847,-0.023634,-1.432157,1
0.064843,-0.82709,-1.004735,-0.287032,1.433038,1
-0.197975,-0.436049,-0.876072,1.530533,-0.362136,0
-0.102104,0.585449,-1.665089,-0.850555,0.250215,1
-0.889101,-2.038458,-0.205531,0.858671,1.394323,1
-0.125882,0.306781,-0.28973,0.939006,2.503654,1
-0.527907,-0.874743,2.233773,0.285747,0.832058,0
0.603076,0.488955,-0.775868,0.6099,0.767393,0
-0.178645,0.919046,-0.593208,0.740961,-1.215853,0
-0.227308,0.527491,0.050107,-1.126088,-1.389929,1
-0.537672,-0.150796,0.937241,1.066382,-0.608344,0
-0.530206,-0.565998,0.038882,-0.287933,0.598851,0
-1.145856,0.730305,-0.289559,0.015836,0.38027,0
0.035335,-1.505183,-1.549831,0.946607,0.655422,1
0.551109,1.387829,-0.289274,-0.615087,-1.612921,1
1.532822,-0.602948,-0.544241,0.837161,0.318276,0
-0.871441,0.852458,-0.889381,-1.474697,-0.197546,0
0.607588,0.676772,0.945164,0.415724,-1.954358,1
-0.026221,-0.897678,-0.477632,-0.715638,-0.35743,1
0.457054,-1.853752,0.868317,1.213576,0.030464,0
-1.177986,1.326386,-0.97884,0.624033,-1.305231,0
1.059143,1.14619,-0.394237,-1.319051,-0.05858,1
0.368697,0.359176,-0.713252,0.163668,0.692875,0
-1.216604,-2.425625,0.303691,-0.894124,-0.12092,0
-0.367715,-0.037697,0.073821,-0.376066,-0.396664,0
1.012285,0.394187,-1.707987,-0.613843,1.816684,0
0.461646,0.225055,1.391,-0.480951,0.756794,1
0.356235,1.740028,0.487453,1.84936,0.447648,0
-1.15757,0.042126,-0.236201,-1.049781,-0.030807,1
-1.099165,-1.17064,-0.870467,-0.514202,-1.329248,1
-0.10114,2.223821,-2.439204,0.851486,-2.40435,0
0.383423,-0.033202,-0.530693,0.074247,-1.4522,1
0.432123,-0.877535,0.257022,0.374346,0.943997,1
0.56047,1.532788,-1.068998,-0.109251,0.503359,1
1.476362,-0.1255,1.275706,-0.810874,-2.562691,1
2.129737,-0.717156,-0.273816,-1.570821,0.62653,0
0.260576,1.047249,-1.209726,-0.535058,-0.571136,0
0.73032,1.211288,0.853079,-0.045774,0.596791,1
0.170304,1.45486,-1.071268,-0.445841,0.129358,1
0.984537,1.426912,-3.004512,0.548482,1.512815,0
-0.937253,0.228816,-0.471479,0.997827,0.813567,0
0.19278,0.737144,2.169402,0.290949,-0.596403,1
-2.335925,-1.497204,0.628473,-1.364668,1.216107,0
0.107351,0.119976,0.297348,1.293139,-0.098062,0
0.093362,0.250649,-1.087816,2.019911,0.562837,0
0.797428,0.381259,-1.475453,-1.467702,-1.421662,1
0.138642,0.089939,2.171747,-0.346877,0.315193,1
0.468558,0.475924,-1.277756,0.359002,-1.025969,0
-1.184255,1.463171,0.661288,1.064183,0.373842,0
-0.736634,-1.399665,0.092842,1.445124,-0.402427,1
-1.055598,1.137093,-0.731414,0.681738,0.283599,0
0.133058,0.98917,0.441315,-1.810462,-1.096481,0
-1.226486,2.272363,1.519321,0.090608,-0.263454,0
0.138542,2.306291,0.283522,1.465731,1.292358,1
-0.604623,-0.046926,0.575223,1.671358,0.192199,1
1.551077,-0.264154,0.700128,1.673504,0.623957,0
1.022778,0.483128,-2.043299,0.058222,-0.033769,1
-1.742699,-0.6385,-1.390641,-0.021629,-1.485525,1
-1.003574,1.183564,0.419716,-0.256023,0.972621,1
-0.006939,-0.220645,0.876764,-1.602854,-0.492775,1
0.133192,0.28171,1.020558,2.105417,1.750701,0
-0.266895,0.355341,-0.241915,-1.931869,0.267873,1
-0.376982,-0.551429,1.603257,0.817741,1.093745,0
0.013905,-0.11723,0.437717,0.223012,-0.478001,0
-1.264092,-0.983453,0.281547,-1.108392,-0.928977,0
-0.193734,-1.774024,1.626884,-0.99175,-0.051847,0
-0.243951,0.623862,-0.858924,0.453913,-0.436355,0
-1.462047,0.560466,-0.014058,0.845389,-0.513714,1
0.721422,-2.633849,0.988077,-1.31585,-1.910753,0
1.667055,-2.746515,0.013555,-0.800479,0.001637,0
1.031246,0.251202,2.07002,0.7848,-0.425665,1
0.328068,-2.074516,0.340828,-1.184264,1.47739,1
1.143813,-0.667921,-0.684725,-2.525621,-0.602663,0
-1.421643,-0.279705,-2.289529,-0.563481,-1.850497,0
1.215489,0.424353,-0.088063,0.192813,0.800289,1
0.773506,0.066415,-0.644931,-2.955636,0.479675,1
0.960411,-0.603297,-1.541777,0.014877,-0.755724,1
1.509781,0.265225,0.196478,0.749873,1.399911,1
-0.319272,-0.750842,-1.121668,-0.288751,-0.800717,0
0.156235,0.069848,-0.357101,0.423465,0.885448,0
0.75974,-0.305706,-0.738547,0.076243,-0.621251,0
-0.336233,0.968831,-0.402472,-1.007636,-0.060644,0
-0.442288,-1.035965,1.580434,1.843834,0.360109,0
1.104673,-1.423902,-0.385347,-0.708517,0.647856,1
0.039964,0.801492,1.22915,-1.25701,-0.76468,0
0.280024,0.354794,0.976958,-0.106605,-0.748474,1
-1.061108,0.15867,0.068425,0.317097,-0.42206,0
-1.048754,1.210373,1.136614,1.345456,-0.009877,0
0.955008,0.57766,0.486953,0.233429,-0.785645,1
0.066075,-0.709078,0.242627,0.659957,-0.712052,0
0.634306,-1.98709,0.355943,1.402291,0.461195,0
0.023273,0.243158,-0.459457,0.187464,-1.52714,1
0.392581,0.843955,0.770551,0.333631,0.642931,1
0.276089,0.253804,-0.723583,0.862,1.172521,1
-0.493562,0.284884,1.62657,-1.865196,-0.777696,1
0.302916,-0.376054,1.14437,-0.422641,0.039419,1
0.610467,0.097523,0.404919,-0.218008,2.260308,1
-0.046043,-0.390617,-0.836761,0.254464,0.408484,1
1.417073,2.102907,1.9675,-0.625735,0.072744,0
-0.688478,-0.985801,1.114042,0.172665,-0.074377,0
-1.238981,-1.362829,0.008602,-0.325809,-0.455237,0
1.547182,-0.550678,0.597829,-0.747976,0.518669,1
-0.363459,-1.75825,-1.24328,0.608681,0.344486,0
-0.510345,0.205721,0.597126,1.551607,-2.051134,0
-1.183701,-0.068629,-0.143776,0.690598,-0.232109,0
-2.427628,-0.178063,-3.097817,0.153826,-0.50538,0
-0.481928,1.173847,3.765766,-0.689814,0.193012,1
-0.445604,0.920049,-0.821225,1.238894,0.957753,1
0.139102,0.008367,-0.015677,-0.602587,-0.483,1
-1.459558,-0.597856,0.480988,0.564519,1.84553,1
1.744798,0.791752,0.922106,-1.819185,-1.02124,0
0.059596,0.602575,-0.942584,-0.562159,-1.760515,0
1.133931,1.601325,-1.930214,-0.283245,2.36959,0
2.103646,0.706837,0.149156,0.114358,-0.203574,1
0.800399,0.716763,-0.758949,-1.910805,-0.356832,1
-0.683927,-0.985097,0.555721,0.499929,-0.725086,0
-1.113302,2.06043,-1.521451,0.14013,0.372152,0
-0.572176,-0.27063,-0.273434,-0.718152,0.080582,0
0.951717,-0.172036,-0.350606,-0.076618,-1.397067,1
-0.842889,-1.582528,1.133727,0.068542,-0.687489,0
-1.413176,1.070539,2.284189,0.161938,-0.709978,1
0.657663,-0.178118,-2.148142,1.380006,0.588786,1
-0.427264,-0.938271,1.138854,0.055308,-0.519493,0
0.171842,0.767489,0.527176,0.120171,-0.868539,0
0.581212,-2.076334,-1.181776,-0.830118,-0.43592,1
-0.573397,0.238695,-0.187278,0.021624,-0.265747,0
-0.529453,1.659129,-0.398524,0.733893,-1.231393,0
-0.7282,-2.50031,0.564345,1.608732,-0.241404,0
0.729741,-1.566774,-1.155354,0.94347,-0.941937,0
1.231759,0.116473,-0.121688,-0.788229,0.088281,0
0.041576,-0.029616,-0.083723,0.098527,0.778733,0
0.196879,-0.015858,1.759383,1.535996,0.557186,0
-0.106433,-0.869889,-0.122826,-0.991286,0.566355,1
0.393975,0.141785,0.228858,0.373249,-1.09863,1
-1.085633,0.418818,-1.560185,-0.633882,0.975664,1
1.156482,-0.553365,0.548456,0.18298,-0.347907,1
-0.923032,0.230403,1.771301,0.142757,-0.421325,0
0.565528,1.463064,0.589264,-1.669189,0.052046,1
0.439577,-0.500524,-0.216701,0.46546,1.237038,0
-0.494649,-0.553738,-0.056241,1.048005,-1.570852,1
-0.332026,-0.113358,-0.697556,-0.362391,1.382327,0
-1.61864,-1.421968,0.242763,0.828548,-0.406117,1
-0.662877,0.254737,1.698825,0.738261,-1.405171,0
0.236855,-0.827706,-0.638939,1.464994,1.287863,0
0.469669,1.144208,0.364441,1.346882,1.884834,1
-0.644679,0.157967,0.868849,0.81165,-0.940969,0
-0.126655,-1.699199,-0.315977,0.299355,0.235888,1
-0.759011,0.078838,-0.34696,-0.617551,-0.47329,0
1.03535,0.122755,-0.956196,-2.164731,0.751125,1
-0.345805,-0.319637,-1.368541,0.390823,-0.049319,0
0.271579,0.443055,-0.282523,-1.358028,0.295786,1
1.514565,0.695802,0.139513,-1.063364,0.859048,0
0.513157,0.315818,-0.073678,-0.404539,1.660645,0
0.300154,0.237539,0.633933,1.05645,0.303553,1
-0.527616,0.098877,-1.048678,-0.269474,0.436457,0
0.490979,-0.088077,-0.098718,1.639953,1.68408,0
-1.362349,1.310463,-0.368278,-0.269431,1.085934,0
-0.052911,-0.524296,0.873672,2.363993,1.433647,0
1.141193,0.010016,0.767505,-2.997136,0.587074,0
0.537492,-0.69719,0.770433,1.461987,-0.350774,0
0.540642,0.867961,-1.795285,-0.128979,-0.065608,0
-1.68076,-1.329748,0.849917,-0.264276,1.072405,0
-1.505815,-0.644606,0.723442,-0.587208,0.778202,1
0.313747,2.169591,-1.202794,0.757266,1.275009,0
-1.091853,1.580191,-0.874109,1.611016,-0.094834,0
0.294719,-0.705055,-0.545469,-0.812835,0.286109,1
-0.452704,-0.957723,1.587184,-1.086024,1.592043,0
0.39622,-0.377539,1.528658,-0.62476,-0.644259,0
-1.30333,0.863295,-0.917523,-0.87542,0.250179,0
0.40624,-1.978148,0.203905,0.889261,0.001894,0
0.460001,1.76082,0.290113,0.054903,0.378858,0
-0.03715,-0.664087,-0.985152,0.239343,0.802524,1
-2.348832,-1.430035,-1.567651,-2.107609,0.395549,1
-0.767298,1.885029,-0.423862,-0.210191,-1.603106,0
-0.98221,-1.032623,0.103997,1.081822,-1.010006,0
-0.61647,0.72306,1.491241,-0.396269,1.568955,0
1.566148,-0.895409,-0.575142,-0.214941,-1.037132,0
-1.832679,-0.274709,0.227089,-0.91129,0.285914,0
1.627816,0.400926,2.032806,1.064838,-0.050626,1
-0.575208,-2.231827,0.253171,0.808888,-0.773392,1
1.427209,-1.127227,-0.341887,-0.272649,-0.484656,1
1.283336,-0.000321,0.17838,-0.610943,1.069889,1
-0.677152,0.642003,-0.696968,0.605502,-0.31341,1
-2.139532,-0.032306,2.01868,-1.457909,-2.317372,0
-0.157465,0.874764,1.108644,0.345803,-0.991563,1
-0.046145,0.802391,-1.052515,0.576294,-0.431528,1
0.087135,-0.852995,1.340274,-0.007594,-0.735579,0
-0.617765,-0.064981,-1.72833,-1.304839,0.394253,1
1.267273,-0.007767,-1.578014,-0.195596,-0.773389,1
0.292872,-0.149003,1.015275,-0.371823,0.325395,1
0.196151,-0.24317,-0.497414,-1.38204,0.355119,1
-0.877981,1.462538,0.020426,0.665622,0.543843,0
0.871742,-0.194963,0.561508,0.082844,0.413236,0
-0.47608,1.085343,0.46321,1.045076,-2.497712,0
0.992078,1.062027,-0.383731,0.430087,1.268007,0
0.189699,0.340941,-0.786178,-2.490792,-0.767973,1
0.533305,-0.915891,1.228023,-0.447353,0.361101,0
-0.101836,-0.049946,0.944986,-1.309311,-0.860533,1
1.11702,-0.867663,0.616782,-0.379287,1.213261,1
-0.229048,-2.431339,0.583475,0.755308,1.054179,0
-1.421164,-0.402392,-0.818102,1.187567,-0.42894,0
0.204053,0.451266,1.436007,-1.077827,0.871177,1
0.147814,-0.950114,0.025684,0.733747,-0.568055,0
1.28959,-0.612904,-0.889886,0.129994,-1.040166,1
0.892697,-0.064042,0.959953,-0.7228,0.615703,1
-0.779456,-0.194619,-0.918373,1.613179,0.818209,1
1.293312,0.122452,0.328092,0.19286,-0.529659,1
0.732008,0.277068,-0.16596,-1.587252,2.048799,1
-1.294269,0.382207,-0.204065,0.950979,-0.483819,1
-0.024235,-1.977838,-0.333138,0.290889,1.167932,1
-1.198754,0.275757,-0.0405,0.483581,0.177353,1
-0.365418,-1.362177,0.452532,0.385693,0.576497,0
1.243813,0.928572,-0.179813,1.058405,-0.140409,1
-0.015148,0.727587,3.207501,-0.516091,-0.169841,0
-0.596775,0.535921,0.759922,-0.028056,-0.347419,0
-0.110194,-0.236899,-1.643222,0.655631,-0.974488,0
-0.50182,-0.730048,-0.537524,-1.901959,1.457568,1
1.103518,-0.65416,0.387971,0.48408,-1.138308,0
1.025173,0.564187,-1.662815,-0.105618,-0.009874,1
-1.276223,0.76449,-1.461389,-0.686342,-2.131396,0
1.375555,1.246566,-0.596756,-0.393626,0.888926,1
1.458485,-1.007594,0.440359,-1.802642,1.523732,1
-0.088346,0.037012,-0.779127,-0.450508,-0.376926,1
-0.800163,0.056693,0.368316,-0.193842,1.522823,1
-0.714125,0.090555,-1.302028,1.109489,-0.731668,0
0.390425,-0.173753,0.078914,-0.459295,-0.08184,1
0.484434,-1.503511,0.575723,-0.067158,1.61758,0
0.954449,0.671488,-0.122464,-0.684016,-0.45644,1
-0.665467,2.097653,-1.154165,1.054846,-0.013903,0
0.60568,-1.573268,-1.920969,0.542211,-1.991573,1
1.423078,1.222188,1.127719,0.925447,1.191465,0
1.244492,-0.091768,-0.032008,-0.529298,-0.634256,1
-0.736599,0.103193,-0.238753,-0.422274,0.058984,0
0.207292,-0.164509,-1.097423,0.248511,-0.31585,1
-1.585102,0.583968,-0.262416,1.200132,1.389668,1
0.461356,1.083527,-0.308805,0.512251,1.025224,0
-0.483131,-0.002571,2.207881,0.392342,2.141098,0
1.689105,-0.310553,-0.840081,-0.903845,0.662725,0
-0.856228,1.550534,-0.933531,-0.684809,-1.503952,0
-1.811535,0.425001,2.201532,-0.5359,0.80918,0
1.28392,-0.501516,0.340169,0.734285,0.855354,1
-0.107128,0.95141,-1.597392,-0.564176,-0.503439,0
-0.316748,-1.708241,1.87312,0.54629,-0.06325,0
0.964739,-0.204118,-0.829608,-0.255116,0.665631,0
0.121193,-0.300784,1.376672,-2.245182,-0.938629,1
-1.584418,1.85936,-0.833645,-0.933922,0.967393,0
-1.131723,-0.668345,-0.517173,0.734399,-0.143726,0
0.129291,0.05535,-0.641279,-0.222535,-0.500941,1
-0.023509,-0.739308,-1.326252,2.787749,-1.383753,0
-0.013663,-0.058025,1.004517,0.321097,0.850194,0
-0.167366,1.035138,0.057566,1.091931,-0.767118,0
0.670875,0.055212,0.812758,1.706004,1.861974,0
1.382631,0.880155,-0.821498,-1.160622,2.332324,1
-0.121057,-0.353056,1.364682,-2.467207,1.272741,1
1.059686,0.569431,0.762611,-1.303549,-2.10704,1
1.396203,-0.05634,-0.33799,-0.48698,-0.189652,1
-1.251669,0.62109,-0.45075,0.369299,0.456028,1
-1.525677,-0.948612,0.633218,0.998284,-1.144526,0
-0.578041,-0.168045,-0.047209,0.979115,0.374155,0
0.031941,-0.743567,0.333254,-0.664607,0.951929,1
0.626013,-0.871241,1.462268,0.257679,1.466617,0
-1.130658,0.346858,1.207532,-0.628275,0.159635,1
0.344366,-0.211694,0.375868,-0.623227,-0.844668,1
-2.34207,-0.179374,0.020455,0.5794,-0.30173,0
0.832434,-0.287585,-1.018565,0.153611,0.263368,0
0.830929,-1.182362,0.775875,1.166478,1.110016,0
0.426527,1.317539,0.988706,-0.247783,-1.169579,0
-0.515807,-0.932629,-0.231822,-0.371602,0.069218,0
-0.048582,-0.533986,0.396372,1.298796,0.799391,0
-0.400388,0.677323,-0.339268,-0.623277,-1.23976,0
0.891762,0.213407,0.317144,-2.944516,-0.815752,1
0.956232,0.693641,-0.655072,0.047652,-0.564763,1
-1.024624,-0.607168,2.250387,0.446783,-1.040886,1
-0.518571,0.053375,-0.607761,-1.421886,-2.412608,0
-1.289886,-0.388888,-1.75397,0.669032,0.574221,1
-1.389348,-0.798268,-0.890461,1.259,-1.056497,0
1.172564,1.063358,-0.146851,0.437888,0.009905,1
0.939247,-1.069132,1.135866,1.679916,-0.102331,0
-0.484073,-0.040338,-0.075041,0.901389,0.245492,0
0.875196,-0.020062,1.476201,-0.951286,0.881645,1
-0.998632,-1.500416,-1.911966,-0.605728,-0.265979,1
-0.902076,0.096916,-0.838271,0.852074,-0.603718,0
-0.372803,-1.18383,-0.021486,-1.289022,0.721559,0
-0.787325,-0.159583,0.195963,-1.54733,0.233848,0
-1.184239,1.067581,-0.53885,-0.586348,0.585059,0
-0.474344,-1.785682,-1.611077,0.177089,0.253254,1
1.067208,-0.327495,0.885234,0.04814,-1.625254,1
0.177944,1.742677,-0.847264,-1.239848,-1.015305,0
-1.155089,0.877443,0.35297,2.504519,0.516408,0
-1.252748,-2.285682,0.241968,-0.679979,-0.248993,0
0.409696,-0.093573,-1.152731,-0.540243,0.580665,1
-0.501743,-2.064719,1.170242,-1.635629,-0.970536,0
0.389555,0.628155,-0.102735,0.444621,0.679641,1
0.539896,-0.716897,1.254658,-1.689286,-0.586408,1
0.288546,-0.355693,0.357273,0.881524,-0.617154,0
-0.634271,-0.432651,0.986338,0.126145,-0.108349,0
0.102669,0.063543,-0.897638,-0.599333,-1.264969,0
1.485673,0.191274,-0.639362,-0.535642,0.605411,1
1.870868,0.138763,1.320795,-0.7864,-0.398493,0
-0.655537,1.279904,-0.957674,-0.713928,0.49727,0
0.48093,-0.822121,0.476186,0.405937,-0.28604,0
0.119065,1.96718,0.05371,1.329252,-0.199438,0
0.193982,0.293659,-0.735488,0.186968,-1.126777,0
0.921761,0.327796,0.19445,1.386909,0.335426,1
-1.892054,-1.361581,1.166807,0.614344,0.474087,0
-2.931767,1.151688,0.936368,0.602056,0.015284,1
0.063675,0.806969,0.51911,-1.085453,0.489373,1
-0.358073,-1.15046,0.604964,-0.069383,-1.164164,0
-0.077657,0.441056,-0.525063,0.676244,-0.654466,0
-0.966615,-0.850244,-0.089022,0.410543,0.922514,1
-0.266617,-0.683026,-1.025692,-0.417879,0.788462,1
-0.549363,0.882465,0.911684,-0.253136,-0.485372,1
0.343289,-0.554752,-0.935217,-0.604309,0.405732,1
-1.820822,0.501135,-1.14955,1.150367,0.692933,0
0.126593,-0.619134,-1.367054,-1.130561,0.021172,0
0.669728,1.2744,-0.26739,-0.726115,-0.332786,1
-0.426606,0.564212,1.051884,-0.494944,1.164017,0
-1.37712,0.144338,0.569218,0.643646,-0.545007,0
-1.132744,0.243363,-1.278896,0.187947,1.064585,0
-1.527954,-0.680505,-0.716371,0.822769,1.825045,0
-0.350578,1.079109,0.853398,2.280473,0.482639,0
-0.108292,-0.781703,0.353671,-0.514771,0.570038,1
-1.070501,0.830919,-0.685062,0.737414,-1.337462,0
0.43732,-0.51249,0.731064,-0.541307,0.893817,0
0.147531,1.257694,0.612649,0.427938,0.405979,1
-0.403837,2.211569,1.673644,-1.131538,1.074969,1
-0.068943,-0.441337,2.241892,0.604108,-1.50659,0
1.910608,1.237702,-1.303395,-0.443176,0.360103,1
-0.424429,-1.711443,0.39388,-0.636663,0.180919,0
-0.321586,1.621238,0.368669,-0.658447,-0.340016,1
-0.945018,0.506833,2.429752,-0.807634,0.879662,1
1.650406,0.278128,-0.062328,-2.042045,-0.427113,1
0.536979,-0.163564,-1.4557,-1.013205,0.678837,0
0.985125,-0.553377,-1.757018,-0.075212,0.515231,1
1.515999,0.170233,-0.411376,-0.230784,1.40207,1
-0.940586,0.91862,0.215861,1.050563,1.790301,0
0.021386,0.615597,-1.107976,-1.126825,-0.835137,1
0.141501,-0.819003,1.143325,-1.334083,-0.801642,0
-1.653514,-1.144677,-2.190061,0.172062,0.427462,1
-0.567253,-0.034117,0.361332,1.974237,-0.432952,1
0.36747,-0.573689,-0.303662,-1.227,0.193985,1
-1.903629,-0.044327,2.293174,0.241828,0.087642,0
0.26541,-1.124478,-0.528693,0.352159,1.707056,1
-0.103992,-0.712324,-1.296763,-0.638677,-0.791381,0
0.825432,-0.952231,-1.201598,0.721566,1.03894,1
1.53816,1.133913,0.220954,-0.234094,0.004184,1
0.419048,0.993112,0.598245,-0.001954,0.844806,1
-1.219048,1.273139,-0.083961,-0.484984,0.021379,0
0.127027,1.202395,0.971264,0.626668,-3.248338,1
1.637436,0.384066,-1.966386,1.217782,-0.675413,0
0.541402,1.134457,-0.38525,-0.998466,0.390287,1
0.552832,-0.993409,0.44542,0.918914,0.793948,0
-0.645873,-1.035012,-0.407599,-0.668556,-0.339708,1
0.269293,-0.306468,-1.401397,1.512316,0.162018,0
-0.022282,-1.299368,-1.419766,-0.520471,0.099326,1
-0.374878,-1.570266,0.403869,1.376505,-0.809803,1
-1.220221,-0.827626,0.31795,-0.742333,-0.519677,1
-0.394615,-0.721545,0.215889,-0.826526,-1.74222,1
-0.516173,-0.044431,-0.373049,0.207878,-0.087997,0
-0.427094,0.4623,-0.93191,0.723288,-0.439645,0
0.260255,-0.809731,2.486275,-0.793427,0.716567,0
0.86434,-0.171635,-1.146966,-1.502949,-1.314037,1
1.043486,0.2268,0.186497,-1.931426,0.641531,1
-1.579183,0.61973,-0.094216,0.567802,-1.044967,0
-0.127008,0.589352,-0.443197,-0.962629,-0.3871,0
-2.089123,0.76188,-0.432487,1.255925,-0.089014,0
-0.349805,0.655544,0.536677,-0.042064,-0.193069,1
0.792472,0.809006,0.569597,0.056746,0.071012,0
0.406161,0.412763,1.13483,1.20981,1.406624,1
-0.00876,0.74255,0.165416,-0.262159,-0.022218,1
-0.452626,-1.131184,0.735695,0.300507,-0.348409,1
-0.462166,-1.248184,-0.146113,-0.793474,-0.642668,1
0.012565,-0.262151,1.301346,-0.24328,0.763853,0
1.543915,0.92034,-0.72072,0.019228,0.894727,1
0.78816,-0.184271,-0.949964,-1.799271,1.106621,1
2.09728,-0.250845,2.391093,-0.147151,-0.082829,1
1.833226,0.987161,3.319686,-1.092106,-1.457912,1
1.751099,0.955901,0.349633,0.691066,-0.489307,1
-0.438036,-0.101895,-0.437519,-0.250088,-0.397717,0
-0.900522,-1.230551,0.627517,0.174323,0.964948,0
-0.246724,-1.088757,1.0942,-0.087069,-1.446821,0
-1.090643,-0.509326,0.928959,2.259595,1.691411,0
-0.379564,-1.867016,0.410168,0.0967,1.644949,0
1.753932,-0.712634,0.573053,-0.542812,0.264706,1
-1.104451,-1.213275,1.317473,1.062025,-1.611278,0
0.279296,0.510313,-0.62829,-0.286027,-0.240628,0
0.397901,-0.146293,-0.696343,0.515592,-0.72966,1
-0.256158,0.746301,-0.123114,0.095716,-0.898542,1
0.385204,0.625318,-0.741286,2.540886,0.006819,0
-0.004166,0.221734,1.275203,0.920899,-1.030541,0
-0.583538,-0.606111,2.579068,-2.096072,2.170155,0
1.376283,1.369506,1.561941,0.207619,0.564014,1
-1.43529,0.222815,-0.534535,-0.761739,-0.194514,0
0.566058,1.464118,-1.557968,-0.770727,-0.936552,0
-0.975392,0.494673,-1.195073,-1.055378,2.035684,0
0.721365,0.538906,-0.62638,-2.227978,-0.898324,1
-1.168523,0.189239,-1.069283,-1.640137,0.401504,0
1.072481,0.884953,0.273536,-0.704146,-0.854854,0
-1.931538,0.766708,0.877873,-1.234839,2.107951,0
-1.672555,0.594754,-0.417639,-0.454467,0.609579,1
-0.109153,-0.181331,0.055724,-1.02313,0.124352,1
-1.667408,1.005432,0.24707,-1.30542,0.065296,0
0.850271,-1.138551,0.882242,-0.882791,-0.02976,1
0.672682,-0.014632,-0.079789,0.133656,0.280848,1
0.187715,0.800098,-1.32386,1.861542,-0.402598,0
-0.138975,-0.076865,-0.579472,0.520479,-0.267157,0
-0.253121,-0.825877,0.820002,-0.383001,0.262441,0
0.420154,-1.283338,1.00978,0.899256,2.024007,0
-2.128335,1.96888,0.582295,-0.409522,-0.692641,0
0.977025,-1.885604,0.020539,1.311564,-0.606686,1
0.577749,-0.6679,-0.600243,-2.212627,-0.613152,1
1.105997,-0.668105,0.242879,-0.011895,-1.227843,1
0.315468,1.370466,-0.272804,-1.404805,0.195331,1
-0.676839,-2.326984,0.875534,0.07678,0.250113,0
-0.245875,1.418302,0.278768,0.229298,-0.700912,1
0.230636,1.544916,-1.341864,-0.245409,-0.60717,0
1.182603,0.449159,-2.420978,0.021176,1.204578,1
-1.023824,1.484937,0.580721,1.139319,0.352573,1
-2.31471,-0.151345,1.155772,0.54982,-0.232315,0
-1.006024,0.758455,0.327774,-0.159318,-0.278815,1
0.510859,-0.513349,1.466102,-0.445987,-0.246684,0
-0.555311,-0.025485,0.794262,-1.675543,0.491106,1
2.317635,0.005857,0.044374,1.257316,-1.384606,0
0.177586,-1.713309,-1.261389,-1.408028,0.887194,1
-0.084988,0.762663,-0.413218,-0.616271,-1.388002,0
-0.733216,-0.327591,-0.012951,1.25102,1.307096,0
1.489024,0.074915,1.544012,-0.236578,-0.451578,1
0.087588,-0.850802,0.663756,0.470662,0.151816,0
-1.110991,0.2553,0.400088,-1.199621,1.673063,1
1.497285,0.744198,1.246815,0.805799,0.6518,1
0.377014,0.718931,-0.731896,-0.238787,0.078271,0
0.087985,1.760986,-0.390328,-1.707678,-1.51975,0
-0.307029,-0.624794,0.550379,-0.329375,1.60607,0
-0.371451,0.72508,0.936752,-1.075831,-0.970304,1
0.118706,1.014601,-0.406181,-1.819034,-0.812119,1
-0.025295,0.465856,-1.710424,-0.0213,0.589682,0
0.88606,-0.974867,0.115781,1.124435,-1.785734,1
1.015398,0.996602,-0.136468,-2.261674,-0.459198,1
-0.724317,-0.255492,1.056372,-2.161807,0.438644,1
1.020307,-0.509166,0.533329,-0.121398,1.257774,1
-0.680315,-2.622225,1.587799,1.916589,0.303718,0
-1.321755,1.334761,0.378421,1.627749,-1.008928,1
0.202685,0.50142,-1.540847,2.342289,1.465946,0
-0.732899,0.730795,-1.864046,-0.972042,1.333027,0
-0.478553,0.294819,0.235986,-1.313761,-0.156327,1
1.026968,-0.113676,-0.616984,0.838008,1.116922,1
2.085871,-1.015623,-0.27959,-0.000179,0.870558,1
-2.627646,0.922264,-0.628274,-0.262906,0.555655,0
0.194895,0.425049,-2.054225,0.148729,1.734588,0
-1.199774,-0.288103,0.356951,0.097785,-0.756983,0
-1.327993,1.617378,-0.90177,-0.119326,0.352589,0
-0.403158,-0.587924,1.111985,0.314337,1.596241,0
0.348199,-0.19804,1.06809,0.068656,0.637734,0
0.440619,-1.006764,-0.198813,-0.902533,0.470569,1
-1.261133,-1.003664,0.801754,0.983216,2.512867,0
-1.39738,-0.289133,0.729492,0.531132,0.233337,1
1.910485,-1.893971,0.686732,0.32387,-1.559685,1
0.173231,1.551429,-0.482319,1.528235,-0.993832,0
1.368087,1.164285,-2.67059,-2.121652,2.02788,1
0.176375,-0.171362,-0.951596,-0.278224,0.108321,1
-0.863157,0.268621,-1.235446,0.041119,-1.158612,1
0.09312,-0.695283,-0.032642,0.00584,-0.08353,1
1.477836,-0.708283,-0.818249,-0.160845,-1.478074,1
-1.317022,-0.295584,-0.088243,-0.657915,-0.34136,1
0.850602,-0.938014,1.317373,-0.544464,-0.288709,0
1.238893,1.116921,0.269899,0.360506,-0.013065,1
1.20292,1.761736,-1.57146,-0.346546,1.628401,0
-0.71123,-0.287552,2.379241,-0.78027,0.892091,0
0.073802,0.337514,1.005608,0.176405,-0.131258,1
-0.05981,0.154001,0.644155,-0.469936,0.117485,1
0.484115,0.46002,0.429583,-0.000651,1.314179,1
-0.414067,1.149509,0.242378,-1.586291,-1.239866,1
1.861351,-1.05166,-0.429933,-0.257278,0.470958,1
-0.354161,-0.28679,1.864017,-0.94219,1.518531,0
0.325434,-1.848526,-0.420591,-0.693651,0.947874,1
0.497501,1.312268,-2.536533,1.287923,0.601429,1
1.456426,-0.075652,0.494759,0.727275,0.986745,0
0.12495,-0.432367,-1.422305,-1.386959,0.490288,1
0.500051,-2.279266,0.431357,-0.528748,0.857528,0
-1.448444,2.164339,0.517856,-0.422887,-2.282889,1
-0.675607,1.00328,-1.403482,-0.005466,-1.355164,1
0.448928,-0.120125,0.335486,-1.567351,-0.62433,1
1.385085,0.0014,-0.297735,0.900214,-0.400105,1
-1.800222,0.324945,-0.396507,1.190894,1.144699,1
0.182903,0.953008,-1.16356,-2.411588,1.227345,1
0.399604,-0.11141,-0.458596,-1.546036,-0.140353,1
-0.110185,-1.245528,0.506423,0.317313,-0.736924,1
0.703991,-0.367783,0.524166,0.138548,1.639974,1
-0.053407,1.292883,1.699535,-0.674619,-1.137691,0
-2.069833,1.253859,1.042126,0.021472,3.269274,1
1.224449,1.837867,-0.55004,-0.033698,-0.291951,1
-1.161445,0.051288,0.73323,0.947748,0.170495,0
-0.502811,-0.689245,0.379219,0.075233,1.107191,0
-1.902073,-0.89295,-1.195808,-0.086281,0.694479,1
-0.048483,-0.410366,0.763508,0.740643,0.731137,1
1.011448,-0.549234,1.11926,-1.067051,-0.212886,1
-1.672394,-0.08891,-0.67349,-1.266058,-0.454404,0
0.453714,0.798493,0.812934,-1.613719,0.497019,1
-0.069375,1.257241,0.995978,-0.041414,-1.444686,1
-1.27901,-0.128618,1.271302,-0.688211,-0.742401,0
-1.107299,0.05612,-1.302628,0.726039,0.763302,0
-1.168702,0.529694,-0.643184,0.760672,-0.863631,0
0.42751,0.15582,0.099347,-0.178694,-0.986828,1
-0.801571,-0.521585,0.011948,0.175508,1.659775,0
-1.684889,-0.863632,0.191766,1.972297,0.757316,0
0.043046,0.765775,-0.570933,-1.691281,-0.972142,1
0.187626,0.596007,-1.90476,0.309284,-0.383734,0
1.578002,-0.147149,-0.541703,0.14188,1.506591,0
0.602031,0.535809,-1.379878,-2.078765,0.349525,1
-0.340713,-0.30649,-0.887581,-0.552173,0.006074,1
2.298021,0.520218,0.499339,-0.716975,1.089745,1
-1.701925,0.678806,0.663282,1.451501,-1.167226,0
2.102969,-0.638407,1.206459,0.788815,0.659155,1
-0.591921,-0.69892,0.503407,0.108927,-0.56898,0
-0.227267,-1.581707,-1.455325,-0.76318,-0.073446,1
-0.280149,1.723601,0.433977,0.647523,-2.024791,0
0.821794,0.188267,0.496972,0.20322,0.875426,1
0.061624,-1.015156,-0.992601,0.156643,0.327546,1
-2.136021,0.668612,-0.360625,1.208968,-0.169593,0
-0.584801,0.54007,1.37484,1.56248,-0.984019,0
1.196022,-0.671304,-0.113524,0.400447,0.812009,1
-0.066446,-0.018565,-0.259945,-1.033291,0.704165,1
0.32567,0.558533,-1.133641,-0.350838,0.669684,0
-0.173458,0.905659,0.445766,-1.705464,-0.666026,1
-1.969962,0.228214,0.197452,0.39623,0.663354,0
0.580709,-1.193871,-0.67318,0.31835,1.662176,1
-0.191783,2.715339,0.807024,-0.07396,1.938557,0
-0.537108,-0.770016,0.64332,-0.539595,0.536837,0
0.394044,1.422233,-0.192381,-0.338352,-0.740517,1
2.474035,1.499947,1.325926,0.370736,-0.377641,1
0.520301,0.684277,-0.318013,0.720275,1.211081,0
-0.627867,-0.04207,0.340966,-0.344529,0.341514,0
0.660979,-1.256106,0.187983,-0.305224,-2.096659,1
1.820121,0.491123,0.869001,0.101263,0.845057,1
1.062855,0.576102,0.604476,0.906904,-1.230509,0
-0.691404,-1.637714,-0.487688,0.315738,-0.474513,1
-0.73744,0.51822,0.872599,0.688987,0.705646,0
-0.962923,-0.327056,0.13293,-0.40769,-1.118589,0
2.040888,1.496056,-0.812699,-1.715955,-0.392032,1
0.567813,0.517063,1.669384,1.172202,-0.447398,1
0.920115,1.260355,0.926565,0.503649,-1.710776,1
-0.230142,0.511272,0.11178,-1.533149,-0.634316,0
0.662354,0.546788,-0.967338,0.346429,-0.842721,0
-1.648844,-0.137551,0.691375,-0.62735,-0.35391,0
-0.953281,0.080607,-1.27048,-0.519475,0.608181,0
0.2683,-0.810046,0.567699,0.334319,0.275717,0
-0.063058,-1.249813,-0.229682,-0.996174,-0.252535,1
1.896938,1.203733,0.436263,0.329304,-0.66951,1
-1.264744,-0.815219,-2.1618,0.138668,0.046703,1
0.103954,-0.566128,-1.682377,-0.334723,0.680237,1
1.018151,-0.016082,-1.007295,-0.799827,0.106526,1
0.307339,-1.478837,-0.541863,1.529258,-1.783009,1
0.148714,1.117663,-1.02906,-1.224892,0.392523,0
-2.497164,-0.462355,2.131129,0.096647,-0.259187,0
-1.130114,0.538972,0.730365,-0.418655,-1.814462,0
1.445326,-0.053247,0.492047,0.143958,1.152514,1
0.599532,-0.07597,1.086855,1.930218,1.032388,0
-1.011429,-0.390592,-0.487545,1.268347,-1.556181,0
2.235046,-0.272707,-1.850095,0.457428,0.234064,1
0.735595,0.746385,1.889292,-0.165763,0.684219,1
-0.181529,0.791058,0.117143,1.149216,0.425992,0
-0.59143,-1.138851,-0.69127,-0.484868,-0.145612,1
-1.521804,-1.098238,0.201597,-0.064083,0.278792,0
-0.478141,-0.428078,1.310275,-1.58342,1.114867,0
-1.464181,0.35776,0.710293,-0.224541,-2.880684,1
0.932935,0.03669,-0.788042,1.095427,1.466802,1
1.249943,0.750261,-0.485634,-0.211922,0.584694,1
-1.581374,-0.996081,1.154408,0.482822,-0.305478,0
-2.856205,0.767921,0.587097,1.237252,-0.009724,0
-0.004969,0.227454,0.738313,-0.259562,-0.877928,1
-0.351706,2.216508,-0.978718,0.551644,-0.537677,0
1.03088,0.119617,0.719812,-0.263588,-0.886917,1
0.978244,-0.375735,-1.404568,1.858932,1.264335,0
-0.305093,-0.873791,0.249828,0.3162,1.793046,0
-0.025459,0.731659,-2.542513,1.103665,-0.55023,0
-2.80288,-0.327729,-0.1843,-1.47715,0.565274,0
-0.855586,0.387494,-0.542213,0.141101,-0.172972,0
-0.501388,-0.254927,0.949175,-0.5064,0.408616,0
0.945337,-0.068967,0.032968,1.321625,0.86677,0
-0.062286,1.814344,1.332885,-1.578213,0.046598,1
0.090744,-0.774181,-0.554396,1.05559,0.123423,0
-2.390748,-1.474715,0.099791,0.382174,-0.163017,0
-0.4486,-2.712887,1.090035,-0.3923,0.777999,0
0.531024,0.864486,-0.271954,-0.842161,0.183374,0
-0.611517,-0.765949,-0.787183,0.410352,-0.231884,0
-0.46429,-0.842412,0.952407,0.992832,0.058597,0
-1.129731,-0.538949,-1.260786,-0.568686,0.297354,0
-2.026264,-0.655875,1.275012,-0.041524,-0.33634,0
0.625165,-0.054725,-0.752655,-1.384733,-3.520482,1
0.993058,-0.401724,-1.157327,-1.639864,0.266017,1
0.881518,0.784177,0.340818,-1.634807,0.243285,1
1.345977,-0.63521,0.384684,0.00365,1.035045,0
0.242273,-1.396292,-0.229985,0.58165,1.881388,1
0.911473,-0.234402,-0.911054,-0.855113,-0.142024,0
1.733952,0.002348,0.879457,0.869819,-0.795036,0
-0.415966,1.306876,0.173567,-0.448149,0.182099,1
-0.978395,-0.945013,0.510766,2.238226,-0.133532,0
-0.138905,-1.545888,0.168781,0.208095,0.727603,0
-1.306299,-0.302721,0.727908,1.083135,-0.5879,1
-0.49875,0.780644,2.518174,1.139107,1.505264,0
-1.051774,-0.422562,0.241016,-0.275735,-1.799794,0
0.131576,-0.490144,0.439918,0.037051,1.030928,0
-1.572208,0.190349,1.962929,0.64485,0.608345,1
1.02953,-0.111244,0.238157,-1.782618,-2.57232,1
-1.435306,2.306662,-1.137456,1.449753,0.821977,0
-0.412984,0.815548,0.351786,-0.02542,-0.4804,0
0.208227,-1.555368,0.037872,-1.693733,-0.215343,1
-1.413432,0.854762,-0.613078,-1.9993,-0.70658,0
1.808825,-0.917617,-0.454865,-0.36492,-0.163404,0
-0.192838,0.475434,1.514662,0.478839,-0.161557,1
-1.373665,-0.32713,-1.840791,-0.526161,-0.489106,0
-0.624695,0.486179,1.190518,1.607844,-1.565468,1
-1.716259,-0.106183,1.18857,0.790575,0.307858,0
-2.178181,0.25038,-1.259463,-0.665811,-1.509115,0
-0.894429,2.806095,0.010817,0.137093,-0.502139,1
0.253855,1.442794,0.136542,0.147323,-0.110708,1
0.004071,-0.500378,0.457154,0.775902,0.012044,0
-0.465288,0.924151,-0.56359,0.682428,1.891841,0
0.228787,-0.075262,0.00336,0.22535,2.136814,1
0.512968,1.779293,0.396362,-0.32178,-1.28358,0
-0.008573,-0.585796,1.258084,-0.650464,-1.247833,0
-0.271948,0.262042,1.896746,0.193076,1.433408,0
-1.629375,0.074477,-0.609527,-0.380168,0.550022,0
0.79496,-1.715573,-1.724183,1.589562,-0.082681,1
1.304067,0.100468,0.975471,1.442509,1.05105,0
0.529873,0.608721,-0.905954,-1.098543,-1.936575,1
-0.302743,0.309436,1.197644,0.360914,0.650635,1
0.822057,0.431939,1.104867,-0.956188,0.599056,1
0.368227,-0.228293,-0.04317,1.073353,0.719168,0
1.506693,0.832842,0.080819,1.331543,-0.895927,1
-0.168913,-0.831313,0.639834,-1.852503,-0.478569,1
0.152505,-1.234504,-0.294824,-1.395051,2.569708,1
-0.672129,0.271465,1.267783,-0.673491,0.268989,1
0.283588,1.54707,-1.05279,0.070765,-0.431929,0
-1.547318,1.793919,-0.012378,-0.129537,1.481758,0
1.013233,-0.397943,-0.143146,0.178785,-1.21147,1
0.229972,0.907927,0.706392,0.554429,0.263305,1
-0.680986,0.960675,-0.97409,-0.186535,0.128793,0
0.143427,0.798512,-0.151599,-0.523456,0.70399,1
-1.78128,0.075931,0.533265,0.0175,0.261008,0
0.923273,-1.951999,1.712955,-1.214915,0.487914,0
-0.844198,-1.045699,0.425937,-0.795442,2.450464,0
0.563554,-0.323056,-0.183231,-0.030268,-0.967012,1
-0.469313,2.187691,-0.545364,0.589402,0.557746,0
-0.438915,-2.803048,0.230577,0.513923,0.456401,0
0.921226,0.470495,0.325721,-1.545451,0.133721,1
-0.481221,-1.142666,1.435404,-2.073686,0.373016,0
-0.028024,0.570823,-0.319583,0.007095,1.048099,0
1.747704,0.373159,-0.433337,-1.115867,0.13884,0
-0.190506,2.249774,-0.197233,-1.176258,-1.534312,0
-1.261136,-0.266286,-0.180011,0.41567,-0.432572,0
0.780863,0.908761,-0.964371,-0.550613,-0.541366,1
0.103231,-0.835951,-0.200703,1.186032,-2.046313,0
0.376248,-0.035786,-0.836268,0.704349,-0.068653,1
1.648878,0.765313,0.908513,2.052099,-0.425222,1
0.873596,0.67495,-1.744503,-0.193567,0.316692,0
0.745166,1.370465,0.101155,1.378298,0.936588,1
0.634358,-0.321115,0.515968,-0.500191,0.405828,0
0.125346,-2.045451,1.721873,-0.971929,1.256277,1
-1.238983,-0.123689,1.07509,0.760583,-0.840018,0
0.296086,-0.182408,-0.47243,0.257777,0.20289,1
-1.719113,-1.989233,1.960816,-0.389945,1.257694,0
1.248098,-3.251717,0.563284,-0.407865,-0.292462,0
0.942079,0.999081,-1.404038,-1.389042,0.140009,1
0.009035,-0.059823,0.781051,0.325252,-0.361015,0
1.024183,-0.776741,-0.0844,-0.068488,-1.081233,1
-0.856476,-0.488949,-0.053109,0.249258,1.433586,1
0.595143,0.472752,0.361124,-1.204604,-1.603185,1
2.01702,0.09218,1.287811,0.589807,-0.755971,1
-2.610178,-1.37981,-0.407433,-0.483486,-0.766041,0
-0.434038,-0.046619,-0.196703,-0.867384,-0.041475,1
0.482133,-1.013412,-0.565996,-0.600862,-0.044919,1
1.193686,0.283812,1.678233,-0.937372,0.002598,1
1.118587,-1.84265,0.698725,-0.286041,1.274146,1
0.61132,0.933713,-1.183714,-0.560523,0.922257,0
0.509663,0.805285,0.34651,-1.470809,-0.401301,1
-0.238497,-0.010398,0.252615,-0.831622,-1.004612,1
-2.109091,-0.750533,-1.184357,0.23463,-0.218369,0
1.095724,-0.065444,0.005056,-0.402547,0.527925,1
-1.134456,-0.065799,1.520831,-0.749523,0.212901,0
0.130071,-1.193268,-0.830477,-0.270018,-0.000698,1
0.694242,-1.166247,0.495803,0.141297,1.036601,0
-0.707187,-0.612052,-2.190665,0.952959,-1.079369,1
0.951196,0.583514,0.338092,-0.84913,1.23926,1
1.574538,0.362154,0.017005,-2.322266,-0.873172,1
0.335739,-0.330949,-0.562489,-0.290923,-0.27999,1
0.49488,1.400908,0.418489,-1.314024,-1.725015,1
1.792962,0.921311,-2.261116,-0.625095,-0.411231,1
0.020641,1.334688,2.548543,-2.091408,-0.526268,1
-0.680942,1.306653,-0.277463,-1.07506,-0.167041,0
1.030955,0.079189,0.580793,-1.457469,0.147154,0
-0.359123,2.644212,-0.184686,1.709277,-0.145125,0
0.397958,1.182428,-1.266725,1.488512,0.463722,0
-1.46928,0.163865,-0.629848,-0.086859,-0.176405,0
-0.494846,0.772183,-1.040836,-1.569526,-0.109971,0
-0.945696,0.844095,0.921651,0.129922,3.203523,0
0.81063,-0.333557,-0.482905,0.500532,-0.644018,1
-0.793548,-1.108053,-0.042462,-0.787723,0.631495,0
-1.079506,0.409686,-0.647815,-0.80209,0.504191,1
1.079718,-1.071683,-1.252925,0.08003,0.276953,1
-0.260811,-0.481554,-1.139356,-0.773696,0.012891,1
-0.438732,-0.800943,1.990761,-0.824925,0.790685,0
-0.14948,0.747986,0.57514,1.053035,0.532728,0
0.074211,-0.94819,-0.379416,2.284137,1.82621,0
0.627426,2.230327,1.029576,-0.602704,-0.788582,1
-0.950007,-0.770983,1.432971,-1.567843,-0.0612,0
0.117226,-0.87481,-1.167583,0.354661,0.178734,1
-0.742238,0.85394,0.649489,-0.109904,-0.235477,0
-0.267522,-0.041251,-0.583871,0.161383,-2.626233,0
0.612262,-2.348036,-0.261589,-1.231923,0.81637,1
-1.617653,-0.305886,-0.547205,-0.467753,0.754032,0
0.162832,-0.812637,0.348896,-0.013402,0.825118,1
0.336695,0.896444,-0.291296,-1.500125,1.269005,1
-0.734801,-0.787039,-2.431854,0.621695,-0.20845,1
1.20299,0.355497,0.435885,-1.788886,-0.075209,1
2.178984,0.848146,1.348756,1.579448,1.390431,0
0.405699,-0.06793,1.044092,0.036337,-1.068271,1
-0.99177,0.698184,-0.474495,2.427733,0.19511,0
0.496349,-0.950317,1.285545,1.456555,0.369094,0
0.758072,-0.372866,-0.797562,0.357433,-0.794314,1
-0.169321,-1.333557,0.827367,-0.284779,1.067063,0
-0.28578,-1.425471,-0.382411,0.182661,0.42893,0
0.36511,0.598471,1.345792,-1.180524,1.838323,1
0.01698,0.635428,0.932473,1.192776,-0.670319,1
-0.359895,-0.476596,-0.944681,-1.139325,-0.916356,1
0.798659,0.518576,0.912034,-0.32135,-0.276449,1
-0.329586,0.635589,-0.728029,-0.832155,0.863773,0
0.130879,0.508069,-0.459955,-1.101139,2.465892,1
-0.696037,1.793838,-0.651646,0.520664,0.080925,0
0.970529,-0.985515,-0.782318,-0.731103,-0.499801,1
0.255413,-0.079023,0.5037,0.897339,-0.95114,0
-0.357641,1.261667,-0.316146,1.858138,0.367943,0
1.396837,-0.186867,0.363152,-1.212524,0.101502,1
0.185799,0.612841,-0.615253,1.692753,0.15859,1
1.40885,1.365194,0.774733,-0.48894,0.009538,1
0.927417,-0.363731,-0.977879,-0.366504,-0.297471,1
-0.010073,-0.810291,-0.442846,-0.138013,0.628577,1
0.527494,-0.820216,-1.011022,-0.765477,0.079959,1
0.247296,0.672839,1.100951,0.208931,0.022579,0
-0.784325,-1.132388,1.466789,-0.082041,-0.161195,0
-0.022555,-1.970701,0.138771,1.833003,0.495226,0
0.211525,0.998647,1.174579,0.599705,0.300462,0
1.526022,-0.511695,-1.288565,-0.583468,-2.381159,1
-0.411453,-0.918274,1.468634,-1.153926,0.115824,0
-1.348724,2.204619,-1.440518,0.86401,-0.281205,0
-0.826968,-1.725783,0.354122,-1.042475,-1.409281,0
1.090488,-1.971723,-0.500788,0.160947,0.032597,1
1.573468,1.103212,1.758766,1.087687,0.083829,1
0.529851,-0.451515,-0.92343,-1.044201,-0.721278,1
-1.244173,-0.059142,-1.00106,0.24352,-0.179012,0
-0.452174,1.524814,-0.733937,-0.900036,-0.249228,1
1.041166,0.682438,1.462734,-1.371807,0.676267,1
1.519491,-1.961187,0.248397,0.350176,0.83365,1
-0.159075,-1.079834,-0.646521,1.901626,-0.811683,0
0.655244,-1.556243,0.166672,-0.951403,1.12481,1
2.553795,0.190775,-0.297643,1.220539,0.657924,0
-0.173941,0.159352,0.55373,0.716855,-0.970882,1
-0.161982,1.185302,0.391481,0.760529,0.895394,0
-0.611772,-0.400096,-0.281494,-1.433465,-0.180739,0
-0.820845,-0.25836,-0.04602,-1.382478,1.151872,1
-0.736362,0.614832,1.433525,0.133066,-0.333877,1
-0.230047,1.098653,0.89102,-0.920153,-0.061962,1
-1.700395,-0.712281,-0.658129,-1.213645,0.198127,0
0.936583,1.663565,0.45965,0.734651,1.695082,1
-2.357156,0.263786,-0.082004,0.643606,-0.185775,1
0.044671,-0.591658,0.001606,-0.118699,0.669638,0
0.660673,-0.906599,0.166228,-0.083769,-1.162358,1
0.33969,-0.509959,1.842463,-1.053157,-1.122874,1
-0.48577,-0.304118,0.636171,0.458726,1.301506,0
0.144398,-1.296929,0.199593,-0.378382,0.68246,1
-0.975479,0.112054,1.539222,-1.328443,0.889909,0
0.538541,0.652132,0.002248,-0.179391,-0.849032,1
-0.925127,-0.54196,1.001262,-1.645599,0.24116,1
-0.773714,-0.049743,-0.656267,-0.412357,0.197358,0
0.698528,-1.348322,1.557332,-0.072546,-0.788104,0
2.320738,0.127318,-0.332451,-0.358218,-1.160888,1
-0.1386,-0.53689,2.126704,-0.278789,-0.270539,0
0.637562,-0.565119,-0.476495,-1.925652,0.281606,1
-0.25806,0.019104,1.799219,-0.434233,-1.031925,0
1.057421,-3.03805,1.261349,-0.334828,-0.140938,0
-1.483382,-1.190695,0.008977,0.166096,0.759938,0
0.877836,-1.272812,-0.449811,-1.10664,-1.328093,0
-0.657288,-2.480782,0.916596,0.308466,1.079393,1
-0.058496,1.863376,1.753048,0.365972,0.597722,1
-1.922076,0.876317,-0.402074,-2.335377,0.753012,0
-0.203512,-0.438778,0.783658,0.02345,1.467622,0
1.149003,1.452979,-0.396686,0.563453,1.470826,1
-0.391696,-0.06699,0.874568,-1.526491,-1.33825,1
-0.745401,0.616388,0.63765,-0.081696,-1.284284,1
0.065969,1.133358,0.301456,0.027391,-0.509717,1
0.166201,1.148304,1.203455,0.241141,-0.836546,1
1.383947,-0.068908,-2.071755,1.77745,-0.151373,1
2.488817,-0.767169,0.412359,-1.195929,-1.688344,1
1.261718,2.771508,-0.202364,-1.170684,0.2792,1
-0.38605,0.386847,-1.687533,-0.167324,-0.318192,0
-0.161075,1.358989,-0.879767,0.665681,-1.294683,0
-0.314341,-0.16083,0.785401,0.195643,0.447727,0
0.453845,-0.251244,-1.383319,1.666487,1.817987,0
-2.089441,-0.122816,0.35011,0.002612,1.181502,1
-0.025797,1.131435,-0.241183,-0.526979,0.64039,1
0.625824,0.335628,0.324182,0.631795,-1.95643,0
0.645947,-1.814607,-0.492299,-0.685963,0.175584,0
-0.372858,0.678858,-0.198676,1.443312,-0.850229,1
1.195381,0.806111,0.900372,1.176004,-0.339882,1
-0.641091,0.479302,1.967399,-1.044844,-1.121402,1
1.9337,0.778226,0.22058,-1.182558,-0.981035,1
-0.627053,-0.78926,-0.166576,-0.689751,-0.07078,1
-2.004478,-0.263639,-0.130892,-0.672437,-1.321541,0
-0.068898,-1.155999,0.296515,-0.78043,-1.9107,0
0.321224,-1.475086,0.565925,0.528596,-0.363732,0
0.861442,-0.967365,3.367245,-0.0962,-0.958427,0
0.524794,-0.269046,-1.738089,-1.832087,-1.451976,1
1.445575,-0.237715,0.50528,0.3597,-0.97196,1
-1.572531,0.363966,1.753981,-1.375057,0.063842,0
-0.618539,0.66858,0.029031,-0.335541,0.526887,0
0.983853,1.071952,-0.638578,0.399358,-0.349653,0
-0.820314,0.882831,-1.423449,0.601827,-0.577594,0
-0.185946,-0.530973,1.423537,-0.303377,-0.310502,0
-0.097457,-2.489781,1.300908,0.82152,1.056855,1
1.631374,-0.298044,0.635766,-1.536955,0.317589,0
0.671825,-0.390102,-0.13054,0.233633,0.572666,1
0.20205,-0.795104,0.579535,-0.107296,0.622155,0
0.757034,1.435703,1.024229,-1.721599,-0.489356,1
0.440604,0.119415,-0.199231,-1.172549,0.057581,1
-0.663319,0.466862,1.893827,-0.168269,-0.555154,1
1.087848,0.270255,-0.076496,1.699167,-0.296562,0
-1.488291,1.377965,0.380537,-0.046588,-0.128358,0
0.756699,-0.569286,-1.440641,-0.173179,1.293518,1
-0.651383,0.136986,-1.152142,1.232233,0.258129,0
-0.510463,0.861241,0.155751,0.850523,-0.038288,0
-2.081518,0.292683,-0.427234,-1.643768,-0.163393,0
-0.460468,0.394577,1.3295,-0.334604,-0.526808,0
-0.756114,-0.920472,-0.435938,1.137219,-0.939938,0
-1.51425,-0.709281,2.228342,2.493021,-1.179057,1
-0.655458,1.313942,0.846802,-0.220105,-1.465834,1
-1.703759,0.141131,-1.391225,-1.694762,1.462455,1
0.918719,-0.873571,-0.874509,0.931092,0.467809,1
0.269385,-0.296623,-1.777828,-0.10804,1.568215,1
1.415206,-0.375853,0.572104,0.4301,0.557522,1
-0.626033,-2.265473,-2.309019,-0.889159,-1.312016,0
0.649362,-0.187319,0.105063,1.226874,1.342742,0
-0.375501,1.162754,-0.245623,-0.039375,1.155015,0
0.961235,0.954901,0.62496,-2.728661,2.817747,0
0.167319,0.356764,-2.411844,-0.804773,0.084247,0
-0.480192,-1.726483,2.142509,-0.363125,-1.312057,0
-1.127471,0.474071,-0.931831,0.890399,0.881947,0
0.560294,-0.956982,0.703145,0.040957,-1.828778,0
-1.158212,1.070722,0.431334,1.316688,0.650719,1
0.065469,-0.979596,1.311497,2.027051,0.266848,1
2.322147,-0.748185,-1.441074,-1.262707,1.015643,1
-0.395505,1.700843,0.378295,-1.033569,-1.388791,0
1.05396,0.608361,-1.196693,-0.945189,0.558102,1
1.168988,-0.035518,1.850787,1.449627,-0.364488,1
-0.978036,0.551383,0.278985,0.278025,-0.114649,0
0.606774,-1.32246,1.554746,-1.971019,-0.824702,0
-0.263075,-1.058689,0.050686,1.287832,-0.709918,1
1.738291,-0.594487,-0.689016,-1.096111,0.60161,1
0.939376,-0.03839,2.408273,-0.661039,-1.270487,0
-0.210383,0.281262,-1.117942,0.171133,-2.251474,0
-0.42705,-1.187234,0.753657,0.81308,0.583264,0
0.241386,-0.39337,0.368278,-0.322911,0.139579,1
0.095127,0.69384,-1.485906,-1.72704,1.578736,0
0.135332,-1.0425,0.08577,0.928852,0.064995,0
-1.637554,2.751043,-1.037392,1.631171,0.660948,0
-1.65166,-1.926258,0.007181,0.527544,0.480538,1
-1.097479,0.059482,2.222267,-0.634676,-0.97198,1
0.65241,0.023491,-1.209815,1.010674,1.779769,0
0.402291,1.065522,0.546284,-0.010294,-0.183371,1
1.760218,0.176073,-0.084078,0.065224,0.858679,1
1.198864,0.896606,2.048922,-1.766778,0.11106,1
-0.302465,0.101168,0.499821,0.070703,1.628444,0
0.559855,0.599432,2.089396,0.919781,0.029429,1
-1.130382,0.674007,-0.093594,-0.01771,0.651485,0
-0.999796,-0.679303,0.184376,-1.214246,-0.587642,0
1.365087,1.097772,0.355759,1.060496,1.274781,1
0.7884,-1.262246,1.273517,-0.333791,-2.232694,0
-1.531175,-0.24521,0.397908,0.319589,-0.171737,0
1.344874,-0.598414,1.297236,-0.431755,-0.035213,1
-1.345793,1.450541,0.78338,-0.492268,0.155086,1
-0.073229,0.776626,0.988491,-0.974182,-0.02106,1
-1.842657,-1.014335,0.320499,-1.085227,1.355628,0
-0.468273,1.50519,0.027156,0.122774,-0.685445,0
-1.589074,1.592674,-0.050269,-0.729256,1.524448,0
1.401785,1.700485,-0.733611,0.320889,-0.881848,0
0.852218,-0.096836,0.338585,-1.082137,-1.165222,1
-1.571934,1.19546,0.523042,0.057086,1.263171,0
0.146053,0.171592,1.208977,0.271371,0.00612,1
0.285549,-0.249579,-0.664838,-0.988572,-1.860708,1
-0.458082,1.41008,-0.54885,0.428592,-0.252728,0
-0.953402,2.040247,0.671433,-2.516392,0.033052,1
-0.995136,0.07023,-0.33838,-1.256687,-0.316121,0
-0.746472,1.142953,-0.085883,-0.97667,-0.900401,0
-1.965961,-1.134738,-0.188184,0.419187,-0.673485,0
-1.13453,0.908686,1.565229,2.286435,-1.619091,0
-0.030741,0.972523,0.168328,-0.392046,-0.189055,1
-0.946751,-0.576672,0.740128,0.135374,-0.754881,1
1.235844,-0.791089,0.074473,-1.401856,-0.604128,1
0.001483,-1.396312,1.265007,0.733407,-1.678445,0
0.171262,-1.160756,1.564381,0.181911,1.437755,1
0.492886,-0.96878,-1.126092,0.329851,-0.502817,1
0.519533,-0.233492,-0.239737,-0.297158,2.297365,1
-0.354295,1.26507,-1.692284,1.742179,0.522692,0
-0.05708,0.516653,0.953794,-0.316702,1.464138,1
0.207528,0.099898,0.656347,0.557811,0.708989,0
0.792435,-0.370745,-2.585449,1.034257,-0.146953,1
0.925927,1.0141,1.547811,-1.389564,0.383783,1
0.464689,-0.550866,-1.603481,1.265963,0.569786,0
-0.147609,-1.773205,-0.033102,0.068099,-0.383167,0
-3.559252,-0.595053,0.666188,0.998034,-2.435327,0
0.608973,3.303567,-0.970846,0.475013,-0.598833,0
1.490657,-1.928663,0.377818,-0.849057,0.612964,1
1.649487,-0.305416,-0.525708,-1.798709,2.163524,1
-1.204329,-0.090343,0.076917,-0.923632,-0.15749,1
0.856392,-0.03701,0.162062,-0.073808,-1.114031,1
1.349574,-0.539075,-1.024187,1.584494,1.024109,1
-1.272475,0.178889,0.387888,-1.101598,-1.137716,0
0.17609,-0.082027,-0.899226,0.160073,-0.957225,1
-1.537556,1.491716,1.613051,-0.636605,-0.682969,1
0.631774,-0.207423,-0.160199,-2.203906,-0.6457,0
1.010715,-0.822626,1.602028,-0.023655,-0.325486,0
-1.640402,1.449316,1.325812,1.146064,-1.114371,0
-1.202141,0.00456,-0.761573,0.87447,-2.707803,0
0.740348,2.162258,-0.323737,0.756436,1.542161,0
-1.05336,-0.739151,-0.054492,-0.844106,-0.420475,0
-0.863755,-1.434737,0.057816,0.810824,-0.017773,1
0.966878,-0.74398,-1.144232,-1.49683,0.762666,1
-0.627432,-1.244065,1.023133,0.466897,-0.826599,0
-0.611634,0.680671,-1.65118,1.019342,2.796537,0
1.120012,-1.334874,-0.523299,-0.521499,1.619052,1
-0.86697,0.794731,0.147667,0.745262,0.857641,0
-1.148899,-0.407172,-0.493826,0.939915,0.02202,0
0.498735,1.145468,-0.354846,0.695095,-0.059061,0
-0.944248,-0.003095,-0.970451,1.885815,0.380251,0
-1.332605,-0.733157,-2.078835,-0.656083,2.626285,1
0.144791,-1.821504,1.199406,1.066765,-0.8226,1
-0.735876,-0.721876,-1.68445,-0.843071,1.304292,1
1.421238,-0.002252,0.275829,0.618967,0.490172,1
0.570907,-0.226724,-0.234587,0.937388,-0.595549,1
-0.720143,0.175414,0.242496,-1.407067,-0.770287,0
1.419348,0.442087,2.089526,0.912386,-0.215561,1
-0.550698,0.402546,0.146921,-1.224175,1.643735,1
0.028577,-1.424188,-1.032486,-0.603562,-0.652835,1
-0.972958,0.438941,-0.723554,-1.251377,0.841631,0
-0.596645,0.882794,-0.560564,0.396632,-1.080202,1
1.396499,-0.809325,0.115065,-1.519053,-0.812727,0
-0.642126,0.05494,-0.911537,-1.19752,0.130212,0
0.712231,-0.998343,1.861992,1.244164,-1.259805,0
-0.646263,0.178016,-2.378734,0.607078,0.841155,1
0.543468,0.476078,-0.700572,-0.325895,0.025944,1
-1.789672,-0.157892,-0.29457,-1.624734,-0.060905,0
0.757667,2.238919,0.715797,-0.214436,-1.146457,1
1.124015,0.594416,0.07223,-0.494823,1.235933,1
0.88692,0.266069,-0.994723,2.017506,-0.225579,0
-1.294817,-0.302485,-1.756729,0.565563,-0.512877,0
-1.774988,-1.251755,-0.038166,-0.155752,-0.090163,0
-0.557353,0.188668,0.781062,-1.007914,-0.09925,1
-1.638097,0.29102,-0.174225,-0.298618,0.518174,0
0.045646,0.235245,0.405666,0.467699,-1.067316,0
-0.275769,1.222178,0.094067,-0.009639,0.43779,1
0.590131,0.822299,0.557654,0.966694,0.841851,1
1.395569,-0.172432,0.345356,0.409196,-0.090969,1
0.047367,-1.147659,0.437473,-0.356832,-0.401962,0
-2.142523,0.624445,-0.870032,-1.938127,-0.143378,0
-0.008306,0.252375,0.156381,0.527738,0.776622,0
-0.369263,1.512977,-0.24404,-0.43194,0.190419,0
-0.619571,2.355699,-2.359034,1.282697,-0.039277,0
0.309261,1.569185,0.800408,-0.674794,-0.460892,1
-2.586729,1.234067,-2.2416,-0.855797,0.880433,0
-0.410685,-0.200639,-1.445232,1.510221,0.2219,0
0.155072,0.419576,1.142609,0.515375,1.524472,1
1.200751,1.62678,-0.04583,-0.571641,0.276552,1
-1.554607,-1.239178,0.689363,-0.556428,1.462369,0
0.216616,-1.083896,-1.440859,0.533194,-1.296119,1
1.707672,1.709746,-0.223325,-0.385445,0.701946,1
1.248182,0.74648,-0.311218,-1.178896,0.104563,1
-0.700782,1.990545,-0.216466,-1.27941,1.956448,0
-0.688684,-0.287248,-0.08457,0.266377,1.425791,1
-0.574066,-0.723031,-1.414017,1.208732,0.89561,0
-1.396897,-2.836894,-0.65426,1.2224,-0.613848,1
0.249187,-0.177083,1.086849,0.984988,0.553232,0
1.579469,1.109692,1.883812,1.462573,-0.016108,1
0.357816,-1.07407,1.064529,-2.107004,-0.138947,1
-0.394252,-0.272418,-0.914803,0.552525,0.955603,1
-0.450769,0.073065,-0.101165,-0.684787,0.437896,0
-0.186985,-0.413192,-0.522315,-0.880443,-0.904578,1
0.451539,1.044858,0.71376,-1.189973,0.035549,1
0.901134,1.077578,0.373198,-1.056772,-0.088499,0
1.507911,1.190579,-0.797706,0.231363,-0.312926,0
0.098336,0.802086,-1.485956,0.285573,0.826098,1
-0.501879,1.104717,0.020045,-1.187272,2.05359,1
-2.912102,0.517438,0.144601,-0.247052,-0.46716,0
0.318177,0.112883,1.021438,-0.026903,-1.266732,0
-0.457049,-0.491229,0.824041,-0.133615,-1.741035,0
0.468782,1.008966,0.534557,-0.312675,-0.80528,1
1.124584,1.51357,0.242864,-1.190915,0.295276,1
1.112879,0.76511,-0.685279,1.531858,-0.229565,1
-1.011086,0.143003,-1.546926,-1.524463,-0.644181,0
0.052977,1.528712,0.274481,-0.736774,0.711554,1
-0.4963,-2.333637,-1.328093,1.304607,-1.159232,1
-1.284689,0.345138,0.352007,-0.976173,0.562658,0
-0.414724,0.374955,0.483807,-0.079168,0.301864,0
-0.73088,-0.687924,0.370813,-1.200413,-0.171772,0
-0.385874,0.58506,0.078327,0.316746,-0.436933,0
-1.073496,1.039466,1.30076,-1.359138,2.535607,1
-0.568828,1.691162,-0.127218,-0.155896,0.878405,0
0.257778,-0.377164,1.154922,-0.941264,-0.8526,1
-0.564039,-1.316468,0.884414,-1.480475,0.556791,0
0.166472,0.101201,0.611397,-0.236556,0.399444,1
-0.93712,1.054838,0.081388,-0.270824,-0.19632,1
-0.479648,2.006829,4.1e-05,-0.769922,-0.852618,0
0.592019,-0.203922,0.914232,-0.735525,-0.017261,1
-0.016707,-1.185117,0.869943,0.318792,-0.656483,0
-0.310147,-0.886184,-0.347945,0.835253,1.860202,1
0.371548,-0.248171,-1.183537,-0.417481,-1.181574,1
0.755247,-0.147979,0.319414,0.636081,1.951694,1
0.025323,-0.993018,-0.684972,1.368902,-2.012701,0
-0.916136,-0.847439,1.277625,0.93465,-0.619399,0
1.103621,0.907347,-0.734106,1.351123,-0.18856,0
0.61495,-0.260997,-1.556805,0.882375,-0.538179,0
0.277345,-0.718012,-0.231876,-1.135392,-0.234592,1
0.085873,-0.012918,-1.109641,1.335367,-1.227174,0
0.070136,-0.007517,-1.003297,0.720308,1.909133,1
0.672326,-0.6961,-0.384516,-0.824367,0.756962,1
0.704349,1.305431,-0.287823,-0.292341,0.467429,1
-0.079888,-0.186664,0.933654,-2.156634,0.131447,0
-1.249834,-0.628937,-0.044531,0.935856,-1.964442,0
0.708839,-0.375019,0.047873,-1.154627,1.435424,1
-1.103925,0.904528,1.398723,0.363505,-0.192691,0
-0.449553,0.481831,-0.613451,-0.90473,-0.17312,0
-0.711111,0.58141,1.367205,-0.700372,0.902856,1
-0.007394,-1.333349,1.501889,-1.013969,1.118502,1
-0.764956,-0.208339,0.818447,-0.492979,1.236851,0
-0.378052,-2.194083,-0.728428,-0.648231,-1.748539,1
-0.404021,-0.371869,0.702778,-1.245246,-0.507341,0
-0.683466,-0.866174,-0.1493,1.718246,-0.0883,0
0.825841,-1.303957,-1.86714,1.652919,1.237966,1
-0.832324,-0.305774,-0.001221,1.445644,-1.209774,0
-1.763312,0.382909,1.002135,0.134934,-0.005302,0
1.368522,-1.669018,-1.329991,-0.418336,0.263105,0
0.574627,-0.96626,-0.230142,0.088716,0.027727,1
0.020983,0.842443,0.258462,-1.286721,0.218516,1
-0.869931,-1.132444,0.441332,-0.042363,-0.132421,0
0.446513,0.056837,0.241583,0.282419,-0.751311,1
0.696306,-1.642225,1.312837,0.207594,0.839814,0
-1.138187,-1.659729,0.839128,-0.91059,-0.195271,0
-0.633498,0.114953,-0.885255,-1.676793,-0.082178,1
-0.11883,0.054106,-0.527338,-1.515536,-0.051834,1
-0.089647,0.161948,-0.171799,-0.578259,-0.980441,1
-0.724608,2.058117,1.745791,-0.025947,-2.03,0
-0.181207,-0.958247,-0.476858,-1.472774,-2.040349,1
1.31609,-1.550687,0.326425,1.234848,1.731478,1
0.425579,-0.363619,0.951718,0.938081,0.063237,0
1.07488,-0.263485,-1.613837,-0.209638,-0.494416,0
-0.357621,-0.204924,-0.265788,-1.230321,1.682115,1
-0.761356,0.556053,-1.052349,-0.090159,0.344097,0
-0.714531,-1.22125,-1.098918,-0.082232,0.849203,0
-0.472601,1.614243,-0.510492,2.314113,-1.766265,0
0.65223,0.965441,-0.988155,0.061337,0.171106,0
-0.739013,0.192344,0.794258,0.350869,-0.640265,0
-0.153058,1.014321,-0.738768,0.142664,1.056007,0
-2.130648,0.12352,0.192124,-1.527461,0.602587,0
2.872413,-0.724117,-0.319063,-0.709767,-0.299285,1
0.212757,0.006695,-0.871938,0.493494,1.141968,0
-0.294224,-0.382786,-0.655903,0.300289,0.395155,0
-0.96306,0.603098,-0.583708,-2.659327,0.888508,1
-1.401263,-0.356301,-0.715765,1.212721,-1.660839,0
0.893555,-0.190408,-1.290884,-0.323939,-0.94001,0
-0.580882,0.670872,1.70526,0.154544,-1.130031,1
-0.177248,0.473636,0.210232,-0.059295,-0.282195,0
-2.608326,-0.132175,0.648339,-0.792725,-0.592361,0
0.887317,-1.550016,0.379429,1.659769,-0.092168,0
-0.057284,-1.165831,-0.91241,-0.508089,2.711595,1
-1.165841,-0.43528,-0.167981,-2.109657,-0.920514,0
0.118489,-0.757488,-0.183938,-0.793123,-1.425642,0
-0.976004,0.653775,-1.027362,0.031364,0.856276,0
-0.034995,-0.625292,0.655921,0.309535,-0.674569,0
-0.759491,-0.137316,-0.947744,-0.474831,-0.299529,0
-0.441927,-0.586747,-0.273894,-0.472844,1.240298,0
-0.221456,-0.339937,-0.606262,-0.153024,-1.37231,1
-0.593683,-1.582186,-0.299569,-0.63437,2.140981,1
-0.47182,2.843196,-1.409516,-0.364513,0.539875,0
-0.557414,0.036197,0.129616,1.618037,1.366536,0
0.160964,-0.192188,-0.749638,-0.685717,0.0933,0
0.628901,-0.719407,-0.653793,2.241563,-0.854997,1
0.909232,-1.73469,1.074684,0.832336,-1.6476,0
0.039496,0.325941,0.991616,1.058057,-0.920799,0
-0.271569,0.256961,1.344176,-0.475661,0.27218,1
0.719646,1.644183,0.075147,-1.069134,-0.648656,0
0.195351,-0.318645,-0.908324,-0.884536,-0.368063,1
0.881056,1.44838,-0.525076,0.235457,0.404545,1
-0.413581,0.705434,1.068885,0.043374,-0.247183,1
-0.555233,-1.80239,-0.945058,0.505297,0.648427,1
0.434055,-0.469016,2.098129,1.127731,-1.948169,1
-1.675529,0.882868,-0.28168,0.694335,1.224537,0
0.159004,0.184462,0.752022,-0.413307,-0.456629,1
0.725281,-0.750951,0.888838,0.949359,-0.132264,0
0.452077,-0.741207,-0.289662,0.028078,1.604028,1
-0.791467,1.0652,0.204711,1.099882,-0.746629,0
-0.413163,-0.287787,-0.077687,0.759736,0.70173,1
-1.284905,-0.384479,-1.470152,-1.473099,-1.336215,0
-1.080418,1.60842,-1.650098,-1.574677,-1.018037,0
-0.541894,0.236411,-1.569037,0.192612,0.582211,0
-2.036227,0.907524,-0.326899,1.046718,0.123495,0
0.104279,-0.721626,1.581411,0.252981,0.705326,0
1.822201,0.797558,0.914189,0.099334,-0.704717,1
0.531678,0.197105,-1.245269,-0.840547,-1.815101,1
-1.357403,1.190045,0.354106,-0.597974,0.807143,0
0.605441,-0.55241,-0.46096,-1.209875,-0.470053,1
2.153871,-0.204442,0.621375,-0.466876,-1.464591,1
0.99426,0.906349,-0.660066,1.078825,-0.029264,1
-0.043385,0.844512,-1.82629,0.60598,0.37087,0
0.427513,-0.745914,0.420217,-0.117976,0.283571,1
-0.191824,1.574369,-0.282271,0.796976,-0.480274,0
0.658525,-0.455826,0.302371,-2.213992,0.225285,1
0.971005,-2.000423,-0.997035,-0.996403,0.442377,0
-0.311376,2.01463,-0.151792,2.123448,0.424287,0
-1.228517,0.500908,0.004613,1.18988,-2.225758,0
-0.442918,2.307253,-0.891062,0.350964,1.55469,0
-1.003918,-0.106893,0.463756,0.319885,0.713306,1
-0.784402,-0.374491,0.440141,1.99957,-0.053667,1
0.058232,-0.232679,-0.078277,-0.213171,-0.080259,1
-0.914597,-0.846346,0.402757,1.86678,1.806074,0
-0.315455,0.942439,-0.169903,-0.995201,-0.278877,1
0.352726,0.62381,-1.195024,0.379539,0.903308,1
-0.05191,-1.559515,1.32519,0.996596,0.684945,0
0.47275,-0.754444,-1.928508,-1.541028,1.27079,1
-0.222991,-0.949993,-1.311087,-0.636475,-1.357768,1
-0.196682,-0.909943,0.050117,0.45598,-0.576847,0
-0.200904,-0.28386,0.921697,-2.347559,1.358235,1
-0.963723,-0.307472,-1.752949,-0.540633,-1.186366,0
-0.169974,0.273922,0.635618,0.692803,0.435345,1
-1.125581,0.659533,1.262054,1.107636,-1.334402,0
0.4174,0.41564,-1.450509,0.915017,0.868647,0
-0.020043,-0.962048,0.042545,0.258582,0.501711,0
-0.044141,0.293215,-0.136053,-0.901333,0.567328,1
0.547743,-2.652839,-0.175774,0.381643,0.021473,1
0.097242,-1.542576,-1.453766,0.641137,0.461596,1
-0.862408,-0.52576,0.305935,0.14877,0.28222,1
1.355045,-1.845096,-0.031205,0.823254,0.012158,1
-1.258051,-1.038778,-0.46288,-0.961488,-0.737256,0
1.193789,1.107735,-0.528524,-1.271922,-0.758296,1
-1.47437,0.071992,-2.929287,-2.118564,-0.397401,0
1.09822,0.501265,-1.16795,-0.209888,0.591103,1
-0.952409,0.474845,-0.043288,1.143738,-0.415118,0
-0.20731,-0.163668,-0.638594,0.002126,0.279219,0
-0.467274,-0.91811,-1.155884,-0.722434,0.319464,1
0.091347,1.392829,-0.713349,-0.730749,0.259428,1
-1.032505,-1.351567,-0.330099,0.263434,-0.265308,0
1.54473,-1.692557,1.224777,-0.168087,0.139577,0
1.205677,-0.996015,0.702761,0.425316,-0.904281,0
0.703534,1.085275,-0.580487,-0.022144,0.252079,1
1.45291,-0.652336,1.284382,-1.576925,-0.174322,1
-0.295302,-0.903281,-0.509955,0.076793,0.366302,1
-0.419422,-0.730821,-1.993664,0.379622,0.869471,1
1.107899,1.483675,-1.010842,0.930632,-0.314982,0
-0.403908,0.838062,2.531955,-0.762349,2.184196,1
-0.079731,-1.165047,-1.847364,-2.032706,0.943466,1
-0.200197,0.922553,-0.218548,-0.557369,-0.024528,1
0.655698,2.911057,-1.890502,0.506875,-1.070106,0
-0.415897,-0.995696,-0.518427,-0.066806,0.046213,1
0.916779,-0.401649,-0.625889,0.157602,2.031541,1
1.582241,-0.718021,0.39134,1.088696,0.911932,1
-1.565757,-1.325727,0.146654,0.745419,0.051826,0
-0.544558,-0.942713,-1.104815,-0.52873,-0.238974,1
0.347901,0.150945,-1.057676,0.229399,-1.860703,1
0.929819,-2.433525,2.311751,0.591328,-1.656884,0
0.512348,1.082434,0.771027,1.374275,0.861964,1
-0.569804,0.55926,0.524055,-1.331506,-0.49363,0
1.568113,0.437257,-1.289829,0.13832,-1.377024,1
-0.377485,-1.050848,-1.089935,-0.6968,-0.188603,1
0.834039,1.073297,-2.358994,-0.462214,-1.091785,0
-0.402012,-1.390226,1.55503,-0.579213,-0.601907,1
0.538901,0.200334,-1.037478,-0.259495,0.203071,1
0.646811,-0.480676,-0.070156,-1.68537,-0.719762,1
-1.137705,-0.605483,-1.179024,1.177411,-0.248802,0
1.163112,-0.778613,-0.786741,1.216325,0.371875,1
0.529083,-1.75189,0.410994,0.247889,1.100483,0
0.434557,-1.276582,-0.77245,0.611517,0.165797,1
0.667221,-0.178983,0.434401,-0.827641,0.721903,1
-0.763732,0.670281,1.573329,-0.279814,-0.973983,1
0.258007,0.649802,0.925442,-0.300635,-0.365299,1
0.629424,1.202147,-0.828731,1.226989,0.208498,0
-0.996676,0.60699,0.327915,-1.309309,-1.254842,1
2.191459,-0.330863,-0.827218,0.930023,-0.417868,1
-0.789921,-0.203328,-1.133165,-1.186711,0.496379,0
-0.821022,0.153492,0.605766,1.058057,-0.360786,0
-1.167258,-0.505377,-0.916335,0.689495,-0.079715,1
-1.401004,-0.643529,-0.746367,0.679392,-0.411048,0
0.622871,0.528399,-0.612642,-1.019539,-0.437798,0
-0.127404,-1.225356,2.189851,-0.128672,0.63996,1
-0.444549,0.176463,-0.445035,-0.238558,-0.573753,0
0.403897,0.141975,0.812342,-0.888368,-2.547209,1
0.81871,0.238108,1.546442,-0.839902,0.735878,1
0.121975,0.840395,-0.092225,0.640475,0.685088,0
-0.695285,0.565379,-1.395841,1.369346,2.058386,0
0.47583,-0.757051,0.69287,-1.254317,0.954997,1
0.189939,-2.33651,-0.667514,0.480378,-1.840847,1
-1.204995,1.821254,1.790191,0.027547,1.001894,1
0.617139,1.280227,0.620452,0.166253,-0.691612,1
0.159815,-1.215846,0.850118,0.09904,0.753998,0
-0.27826,-1.987955,0.631722,0.359078,-0.918417,0
0.36075,0.06332,-0.983308,1.021616,0.187934,0
0.228795,0.131238,0.308665,0.348447,0.208074,1
-1.286059,-0.694945,-0.268927,1.17312,-0.652263,1
1.144015,-0.015926,-0.015747,0.606134,-0.319728,1
0.408109,1.004584,-0.130377,1.425356,0.352995,0
-1.896781,-1.213357,0.349996,-0.490585,0.662736,0
0.333587,-0.056808,-0.014726,-0.882912,-0.642328,1
-0.452429,-0.86137,0.020681,-0.091284,0.030949,1
0.346976,-0.227076,-1.19041,0.893173,2.253239,1
0.522655,1.036648,-0.250139,-1.166205,-0.701109,0
-1.662493,-0.06456,0.40042,-1.578761,-0.221697,0
-0.47414,-0.287494,-0.016623,0.046247,-0.461895,0
-0.063731,0.593046,1.330266,-0.408382,-0.14836,1
-1.357639,0.251739,-0.259551,-0.507914,0.48601,0
-1.773683,1.387214,0.083646,0.787472,1.386903,0
-0.793423,-1.139246,1.162129,0.951329,1.286164,0
0.135509,-0.367634,1.707302,-1.021333,0.583245,1
0.090139,0.34933,-0.75387,0.414465,-1.250264,0
-0.394215,-0.957223,1.225619,1.51915,-0.151594,0
-0.731959,-0.394726,-0.878747,-0.057944,1.221317,0
0.629988,0.428178,-2.875754,0.306582,0.129664,0
-0.006016,0.440116,0.519752,0.774941,0.886028,0
0.934648,-0.204212,1.226753,-0.911886,1.920228,1
0.967561,0.527719,-0.071509,0.969805,-0.705388,1
0.473686,1.056224,0.076055,-1.272448,1.227068,1
-0.15294,1.091244,1.215884,-1.677075,-1.214842,1
-1.781333,0.421942,-0.034608,0.963341,0.823759,0
-1.188363,1.690733,0.166468,-0.634094,0.375122,0
1.245865,1.45701,0.761368,-2.485182,-0.272084,1
-0.526791,0.044071,-0.001223,-0.311162,0.475668,1
-0.21772,1.372055,1.832132,0.824843,-0.55818,0
0.261774,-0.915723,-0.143544,-0.477972,-0.002949,1
-0.419243,-0.014417,-1.916497,-0.017779,-0.444336,0
-0.281517,0.480223,0.275137,1.227388,0.073684,1
-0.090969,0.498583,0.44277,-0.343118,-0.828571,1
-1.611119,-0.781831,-0.446483,0.635621,-1.382181,1
-0.157678,-0.527692,-0.632136,0.075831,-1.45224,1
0.143103,-0.152973,0.298437,-2.110182,0.68149,1
-1.24591,-1.161749,-1.577434,-1.859321,1.572029,1
-0.460503,0.492958,0.609774,-0.32026,-1.278522,1
0.135104,-0.887085,0.694629,1.289064,0.896139,0
0.750377,-1.185066,0.847675,-0.925958,-1.031734,0
1.228098,-0.965444,1.148896,-0.75913,-1.268015,1
-1.666241,-0.189377,-0.21373,1.570561,0.238505,0
-0.520173,0.449913,-1.789816,0.691065,0.018225,0
-0.528553,0.433733,1.596341,-0.011071,2.095317,1
0.362754,0.970578,1.312273,1.582933,1.027352,1
0.150473,0.687786,0.169308,1.974682,-0.135494,0
1.526933,-1.563553,1.006788,-1.2558,-1.092283,1
-0.489709,-2.160829,-1.601447,0.908479,1.936354,1
-1.816218,0.686023,-0.22502,0.970679,-2.344818,0
-1.227915,0.840925,-1.197851,0.740183,-0.406646,0
1.586866,-1.338162,-0.610878,-1.813429,-0.844424,0
-0.946221,-2.727047,-0.317416,0.276527,-0.097399,0
0.127205,1.91725,0.706015,1.550272,0.302239,1
0.859887,0.931549,0.935546,-0.260673,1.659078,0
-0.341368,-0.692068,0.86126,-0.236675,-0.117255,0
-0.21112,-1.480321,-1.649591,-0.014049,-0.352253,1
-0.490317,0.455705,1.140839,-0.937333,-0.225407,1
0.313743,0.688242,0.270324,0.58663,0.183995,1
-0.321131,2.908786,-0.326808,1.76197,-0.12624,0
-1.430842,1.198311,1.446496,1.088132,-0.575049,1
0.659316,0.395724,0.860017,-0.153106,-0.232055,0
1.198526,0.428144,-1.68535,-0.087001,0.230138,1
0.621296,-1.581475,0.608358,2.407557,-0.160968,0
-0.196714,-0.203604,-0.604483,1.041749,-0.856214,0
0.682424,0.120666,0.043655,-0.16059,0.131411,1
0.35636,1.135218,1.334104,-1.66634,0.521992,1
0.642178,-0.115284,-1.17053,1.33754,-1.168153,1
2.049172,-0.537837,-0.549757,-0.137732,-0.804712,1
-0.316137,-1.850038,0.392606,0.475412,0.403519,0
1.659265,-0.37261,-1.777062,0.118902,1.165565,0
-0.81192,1.085299,-0.115984,1.776343,0.253184,0
1.050148,0.261089,1.45295,-0.255325,0.184742,0
-1.071371,-1.519801,-0.851115,-1.802733,-0.877648,1
-1.498281,-1.016727,-0.694633,0.387601,0.62341,1
0.763873,0.640922,-0.337835,1.241312,0.37377,0
-0.697611,0.328983,-0.564257,-0.560591,-0.354558,1
0.125435,0.664179,0.227484,0.010854,0.704422,1
-1.873843,0.195387,0.097124,0.605591,-0.756427,0
-0.375002,-1.17145,-0.272695,0.50091,1.18445,0
1.042866,0.690376,0.169665,-0.777665,-0.122318,1
-0.782664,-0.008998,0.772128,0.699797,0.204277,0
-0.50602,0.483113,-1.206986,-1.312647,1.883421,0
0.844069,-0.016353,-1.088355,0.111155,0.748378,1
-1.172093,-2.095874,-0.193663,-0.320373,0.422756,1
0.017544,0.448236,1.259109,-0.186756,0.325911,1
-1.051119,0.325393,2.079428,-0.895436,0.489281,1
2.346046,-2.545273,-1.043084,0.123414,0.48383,1
-0.934038,-0.846418,0.118114,-0.081217,1.719167,0
-0.59957,-0.601717,1.313367,1.145981,0.243064,0
-1.543333,0.540372,1.048873,0.873183,-1.518269,0
-0.415523,-0.448693,1.819212,0.65785,0.759683,0
0.08767,-0.475351,-1.470082,1.543236,-1.712458,1
0.003514,0.510581,-0.224178,0.408177,1.269227,0
-0.316024,2.062926,0.778803,0.054767,1.71278,1
-0.070105,0.538514,-0.798178,-0.178224,-1.427078,0
-0.688714,0.814866,0.885802,-0.879225,0.641199,1
0.260776,0.440176,-0.202642,-1.40378,-0.543874,1
-1.319043,0.730203,2.091615,-1.08357,-0.226135,1
-2.013629,1.964971,-1.500808,1.003343,0.960097,0
0.952139,0.084825,0.846528,-1.142736,0.870578,1
0.373224,-0.444488,0.658211,-0.845142,0.264505,1
-0.966595,1.12156,-0.875606,-0.210668,-1.197542,0
1.582187,-0.442957,0.909668,-0.179817,-0.614596,1
1.979659,0.817994,-0.68885,-2.077716,1.253249,1
0.308134,0.531326,-0.337852,0.983475,-0.823843,1
0.744592,-0.650599,0.997943,1.080423,0.382339,0
-1.379958,-1.983197,0.744091,-0.899111,0.347332,0
0.046387,0.493642,-0.749857,1.142267,1.24142,0
-0.512193,0.104474,-1.231862,-0.433306,-0.52915,1
-2.090194,0.429213,-0.768812,-0.792005,0.464527,0
-0.358804,0.139244,-0.55913,0.09186,0.321485,0
0.032173,-0.03527,0.011292,1.406644,1.631999,0
1.240628,-0.155834,1.470484,-0.434679,-0.243708,0
0.208687,0.387246,-1.421455,-0.174968,0.570869,0
0.683363,-0.322476,1.235725,-0.023694,0.165158,1
0.612739,0.606414,-0.294552,0.041531,0.554105,1
0.158877,1.027414,0.113089,1.470467,0.050315,0
0.785391,0.157379,0.283263,0.0831,0.053071,1
1.088762,0.347375,1.058738,-0.88603,-0.350815,1
0.951657,-0.143323,0.29983,0.308358,0.462375,1
-0.226563,0.406698,-0.49865,-0.443644,-1.534,0
-0.100561,-0.097495,-1.737793,-0.653813,0.223222,0
-0.33643,-0.896324,-0.106117,0.404258,0.897575,0
1.907641,1.105815,-1.58036,0.008374,0.715804,1
0.112149,1.346072,1.031764,-0.435006,-2.237316,1
1.144845,1.404786,-0.694113,0.050985,0.309667,0
1.107938,-0.58124,1.867571,-1.683683,0.211125,1
2.641987,0.3432,0.719295,2.368942,-0.066704,1
-1.851238,0.210281,0.710778,-2.012601,-0.471617,0
0.553429,1.261465,-0.55509,0.458366,-0.476161,0
1.128209,-0.646981,0.493166,-1.747394,-1.431059,1
0.538683,-1.125393,0.449616,0.761462,-1.92037,0
-1.010029,1.111202,-1.855453,-0.613144,0.067576,0
1.11961,0.516469,-1.487006,0.478803,0.019162,0
-1.451543,-0.937111,-0.22642,0.337979,-1.18618,0
-0.706343,-0.120183,0.915147,0.202235,1.819434,0
-0.28702,-1.229111,0.105446,0.803026,-0.956052,0
-1.750321,0.43962,0.637806,0.52602,0.377938,0
-0.442774,-2.181353,-0.471982,-0.30299,-0.397232,1
0.390239,-1.053048,-0.532978,0.378098,0.709422,1
-0.92573,-0.99151,-0.36891,0.758034,0.012568,0
-0.173641,1.366978,-0.385852,0.250325,0.07806,0
0.41464,0.961481,-0.870017,-1.221178,-0.357035,1
1.471587,-0.984774,0.199007,-0.800282,-1.868272,1
1.565687,-0.768857,0.731058,-0.204199,-0.318901,0
-0.606957,-1.313016,2.026277,-0.23742,0.826073,0
1.672356,-0.191167,-1.118428,1.488468,0.130615,0
0.05702,-0.377203,0.640146,0.689214,-0.841982,0
-0.962187,0.073341,-0.166095,0.263962,-2.357956,0
0.6905,0.41253,-0.188832,-1.771183,0.67367,0
0.622543,0.270725,1.417553,0.82814,-0.69539,0
-2.904274,-0.519464,-1.698607,0.176191,0.365741,0
0.095228,-0.366219,0.564334,1.353176,0.510256,1
0.940867,0.965576,0.62644,-1.86918,-0.511485,0
-0.236566,0.305913,-0.568578,-0.195136,-1.287561,0
2.303859,-0.668578,-1.189221,0.45499,1.449687,1
1.617998,1.016918,-0.373219,0.556844,-1.095093,0
-1.615042,0.384412,1.11439,0.334649,1.140909,0
1.042898,0.169716,0.179042,0.576474,-2.059993,1
-1.28392,-1.446683,-0.556888,1.651045,-2.021046,0
0.983202,2.000214,-1.63489,-1.271018,1.066285,1
1.405824,0.34337,0.37457,-0.670174,0.790055,1
0.97947,-0.404043,-0.905971,-0.48714,-0.58145,0
0.526921,-0.057954,1.601039,0.460779,-1.450748,1
-0.548748,0.3436,0.16217,3.491187,-0.867206,0
-0.532181,-0.833428,0.038839,-0.922669,0.523537,0
0.638576,-0.521678,-0.681213,0.195479,0.517406,1
-0.158243,1.108209,0.084586,-0.164399,0.042263,0
-1.133393,0.000953,-0.109777,0.31491,-0.415405,1
0.825837,-0.571515,-0.412595,-1.541822,-0.311625,0
-1.423685,0.01972,1.204714,-0.945116,0.77169,0
-1.256062,0.65186,-1.547549,-2.270401,0.188332,1
0.787317,-0.514376,-1.722813,-0.470089,0.582144,0
1.015625,2.435124,0.564753,0.200745,1.035699,0
1.082483,-0.49198,0.489237,-0.629227,-0.733192,1
0.172435,-0.347147,-1.25829,-0.743341,-0.435723,1
0.599079,0.073675,-1.332691,-2.33283,0.432267,1
-0.615429,-1.253169,0.349785,-0.833548,-1.107819,0
0.70081,-0.51789,0.678758,-0.546204,-0.236907,1
-0.536356,-1.006482,3.067356,-0.50401,-0.85198,0
1.239733,1.100291,-0.110572,-0.14922,-0.481847,1
0.124061,1.150874,0.83312,-0.49829,-0.138649,1
-1.240466,-0.621688,-0.048375,0.575909,-0.121825,0
0.236142,-0.994807,0.025019,0.035957,-0.551839,1
-1.508356,-0.221071,-0.267932,0.625523,0.67162,0
0.672841,0.215254,-0.709125,-0.89086,1.393207,1
2.599156,0.642662,0.748828,-0.446031,-0.230868,1
1.085842,0.473231,-2.025916,-0.238001,-0.981365,1
0.587146,-0.247992,-0.301972,-0.536517,1.775425,1
-0.154732,-0.046717,-0.831717,1.106055,0.466967,1
-1.886382,0.52479,-0.69584,-0.36618,0.301683,0
1.241939,0.504229,-0.349257,-1.064872,0.231266,1
0.383702,0.905464,-0.63311,-0.174854,-0.524756,0
1.105181,-0.916475,0.100363,1.180042,0.259208,1
0.846795,0.753893,-0.693611,-0.620035,-0.131542,0
-1.407676,1.162987,0.372192,-1.007116,-0.783557,0
-0.888679,1.319087,-0.978258,0.740686,0.190148,0
1.395211,1.675571,0.029873,0.964327,-2.783629,1
-0.331424,-1.071371,-0.153685,1.551962,-0.770845,1
0.430973,-1.241005,-0.969194,0.069645,-0.571159,1
-0.342833,-0.400069,1.73081,-1.500387,-0.529645,0
-0.570599,0.093543,-0.915019,-0.800557,-1.094759,0
0.243081,-1.467344,-2.017355,-0.585055,-1.221538,1
-0.918986,0.997514,0.798127,0.455651,2.604194,0
0.713722,-0.549301,0.46977,1.225122,-1.396963,0
2.861168,0.693774,0.510793,0.890301,0.753716,1
